{"iter0": {"single": {"cx": 263, "rz": 221, "sx": 164}, "product": {"cx": 259, "rz": 251, "sx": 180}}, "iter1": {"single": {"rz": 53, "cx": 39, "sx": 36}, "product": {"rz": 300, "cx": 296, "sx": 220}}, "iter2": {"single": {"rz": 53, "cx": 39, "sx": 36}, "product": {"rz": 350, "cx": 332, "sx": 259}}, "iter3": {"single": {"rz": 53, "cx": 39, "sx": 36}, "product": {"rz": 404, "cx": 369, "sx": 299}}, "iter4": {"single": {"rz": 53, "cx": 39, "sx": 36}, "product": {"rz": 454, "cx": 405, "sx": 339}}, "iter5": {"single": {"rz": 53, "cx": 39, "sx": 36}, "product": {"rz": 502, "cx": 442, "sx": 378}}, "iter6": {"single": {"cx": 400, "rz": 324, "sx": 243}, "product": {"rz": 849, "cx": 832, "sx": 652}}, "iter7": {"single": {"rz": 53, "cx": 39, "sx": 36}, "product": {"rz": 901, "cx": 869, "sx": 692}}, "iter8": {"single": {"cx": 266, "rz": 223, "sx": 167}, "product": {"rz": 1156, "cx": 1129, "sx": 884}}, "iter9": {"single": {"cx": 400, "rz": 325, "sx": 244}, "product": {"rz": 1543, "cx": 1518, "sx": 1175}}, "iter10": {"single": {"cx": 409, "rz": 309, "sx": 226}, "product": {"cx": 1910, "rz": 1891, "sx": 1430}}, "iter11": {"single": {"cx": 266, "rz": 222, "sx": 166}, "product": {"cx": 2165, "rz": 2158, "sx": 1632}}, "iter12": {"single": {"cx": 38, "rz": 36, "sx": 22}, "product": {"cx": 2203, "rz": 2190, "sx": 1653}}, "iter13": {"single": {"rz": 120, "cx": 104, "sx": 89}, "product": {"rz": 2319, "cx": 2305, "sx": 1749}}, "iter14": {"single": {"cx": 64, "rz": 26, "sx": 12}, "product": {"cx": 2369, "rz": 2341, "sx": 1759}}, "iter15": {"single": {"cx": 172, "rz": 168, "sx": 119}, "product": {"cx": 2539, "rz": 2508, "sx": 1884}}, "iter16": {"single": {"cx": 172, "rz": 168, "sx": 119}, "product": {"cx": 2709, "rz": 2683, "sx": 2010}}}