{"iter0": {"single": {"rz": 672, "cx": 320, "sx": 256}, "product": {"rz": 672, "cx": 320, "sx": 256}}, "iter1": {"single": {"rz": 168, "sx": 64, "cx": 48}, "product": {"rz": 840, "cx": 368, "sx": 320}}, "iter2": {"single": {"rz": 168, "sx": 64, "cx": 48}, "product": {"rz": 1008, "cx": 416, "sx": 384}}, "iter3": {"single": {"rz": 168, "sx": 64, "cx": 48}, "product": {"rz": 1176, "cx": 464, "sx": 448}}, "iter4": {"single": {"rz": 168, "sx": 64, "cx": 48}, "product": {"rz": 1344, "sx": 512, "cx": 512}}, "iter5": {"single": {"rz": 168, "sx": 64, "cx": 48}, "product": {"rz": 1512, "sx": 576, "cx": 560}}, "iter6": {"single": {"rz": 1008, "cx": 480, "sx": 384}, "product": {"rz": 2520, "cx": 1040, "sx": 960}}, "iter7": {"single": {"rz": 168, "sx": 64, "cx": 48}, "product": {"rz": 2688, "cx": 1088, "sx": 1024}}, "iter8": {"single": {"rz": 672, "cx": 320, "sx": 256}, "product": {"rz": 3360, "cx": 1408, "sx": 1280}}, "iter9": {"single": {"rz": 1008, "cx": 480, "sx": 384}, "product": {"rz": 4368, "cx": 1888, "sx": 1664}}, "iter10": {"single": {"rz": 1008, "cx": 480, "sx": 384}, "product": {"rz": 5376, "cx": 2368, "sx": 2048}}, "iter11": {"single": {"rz": 672, "cx": 320, "sx": 256}, "product": {"rz": 6048, "cx": 2688, "sx": 2304}}, "iter12": {"single": {"rz": 88, "cx": 64, "sx": 32}, "product": {"rz": 6136, "cx": 2752, "sx": 2336}}, "iter13": {"single": {"rz": 336, "sx": 128, "cx": 128}, "product": {"rz": 6472, "cx": 2880, "sx": 2464}}, "iter14": {"single": {"rz": 88, "cx": 64, "sx": 32}, "product": {"rz": 6560, "cx": 2944, "sx": 2496}}, "iter15": {"single": {"rz": 468, "cx": 208, "sx": 176}, "product": {"rz": 7028, "cx": 3152, "sx": 2672}}, "iter16": {"single": {"rz": 468, "cx": 208, "sx": 176}, "product": {"rz": 7496, "cx": 3360, "sx": 2848}}}