{"iter0": {"single": {"rz": 672, "cx": 576, "sx": 256}, "product": {"rz": 672, "cx": 576, "sx": 256}}, "iter1": {"single": {"rz": 672, "cx": 320, "sx": 256}, "product": {"rz": 1344, "cx": 896, "sx": 512}}, "iter2": {"single": {"rz": 168, "sx": 64, "cx": 48}, "product": {"rz": 1512, "cx": 944, "sx": 576}}, "iter3": {"single": {"rz": 168, "sx": 64, "cx": 48}, "product": {"rz": 1680, "cx": 992, "sx": 640}}, "iter4": {"single": {"rz": 168, "sx": 64, "cx": 48}, "product": {"rz": 1848, "cx": 1040, "sx": 704}}, "iter5": {"single": {"rz": 168, "sx": 64, "cx": 48}, "product": {"rz": 2016, "cx": 1088, "sx": 768}}, "iter6": {"single": {"rz": 168, "sx": 64, "cx": 48}, "product": {"rz": 2184, "cx": 1136, "sx": 832}}, "iter7": {"single": {"rz": 168, "sx": 64, "cx": 48}, "product": {"rz": 2352, "cx": 1184, "sx": 896}}, "iter8": {"single": {"rz": 168, "sx": 64, "cx": 48}, "product": {"rz": 2520, "cx": 1232, "sx": 960}}, "iter9": {"single": {"rz": 168, "sx": 64, "cx": 48}, "product": {"rz": 2688, "cx": 1280, "sx": 1024}}, "iter10": {"single": {"rz": 168, "sx": 64, "cx": 48}, "product": {"rz": 2856, "cx": 1328, "sx": 1088}}, "iter11": {"single": {"rz": 168, "sx": 64, "cx": 48}, "product": {"rz": 3024, "cx": 1376, "sx": 1152}}, "iter12": {"single": {"rz": 168, "sx": 64, "cx": 48}, "product": {"rz": 3192, "cx": 1424, "sx": 1216}}, "iter13": {"single": {"rz": 672, "cx": 320, "sx": 256}, "product": {"rz": 3864, "cx": 1744, "sx": 1472}}, "iter14": {"single": {"rz": 1008, "cx": 864, "sx": 384}, "product": {"rz": 4872, "cx": 2608, "sx": 1856}}, "iter15": {"single": {"rz": 672, "cx": 576, "sx": 256}, "product": {"rz": 5544, "cx": 3184, "sx": 2112}}, "iter16": {"single": {"rz": 672, "cx": 320, "sx": 256}, "product": {"rz": 6216, "cx": 3504, "sx": 2368}}, "iter17": {"single": {"rz": 1008, "cx": 480, "sx": 384}, "product": {"rz": 7224, "cx": 3984, "sx": 2752}}, "iter18": {"single": {"rz": 1008, "cx": 864, "sx": 384}, "product": {"rz": 8232, "cx": 4848, "sx": 3136}}, "iter19": {"single": {"rz": 468, "cx": 432, "sx": 176}, "product": {"rz": 8700, "cx": 5280, "sx": 3312}}, "iter20": {"single": {"rz": 468, "cx": 304, "sx": 176}, "product": {"rz": 9168, "cx": 5584, "sx": 3488}}, "iter21": {"single": {"rz": 44, "cx": 32, "sx": 16}, "product": {"rz": 9212, "cx": 5616, "sx": 3504}}, "iter22": {"single": {"cx": 64, "rz": 44, "sx": 16}, "product": {"rz": 9256, "cx": 5680, "sx": 3520}}, "iter23": {"single": {"rz": 468, "cx": 432, "sx": 176}, "product": {"rz": 9724, "cx": 6112, "sx": 3696}}, "iter24": {"single": {"rz": 88, "cx": 64, "sx": 32}, "product": {"rz": 9812, "cx": 6176, "sx": 3728}}, "iter25": {"single": {"rz": 168, "sx": 64, "cx": 48}, "product": {"rz": 9980, "cx": 6224, "sx": 3792}}, "iter26": {"single": {"rz": 468, "cx": 432, "sx": 176}, "product": {"rz": 10448, "cx": 6656, "sx": 3968}}, "iter27": {"single": {"rz": 1008, "cx": 480, "sx": 384}, "product": {"rz": 11456, "cx": 7136, "sx": 4352}}, "iter28": {"single": {"rz": 1008, "cx": 480, "sx": 384}, "product": {"rz": 12464, "cx": 7616, "sx": 4736}}, "iter29": {"single": {"rz": 468, "cx": 208, "sx": 176}, "product": {"rz": 12932, "cx": 7824, "sx": 4912}}, "iter30": {"single": {"rz": 44, "cx": 32, "sx": 16}, "product": {"rz": 12976, "cx": 7856, "sx": 4928}}, "iter31": {"single": {"rz": 468, "cx": 304, "sx": 176}, "product": {"rz": 13444, "cx": 8160, "sx": 5104}}, "iter32": {"single": {"rz": 424, "cx": 264, "sx": 160}, "product": {"rz": 13868, "cx": 8424, "sx": 5264}}, "iter33": {"single": {"cx": 128, "rz": 88, "sx": 32}, "product": {"rz": 13956, "cx": 8552, "sx": 5296}}, "iter34": {"single": {"rz": 468, "cx": 304, "sx": 176}, "product": {"rz": 14424, "cx": 8856, "sx": 5472}}, "iter35": {"single": {"rz": 88, "cx": 64, "sx": 32}, "product": {"rz": 14512, "cx": 8920, "sx": 5504}}, "iter36": {"single": {"rz": 424, "cx": 376, "sx": 160}, "product": {"rz": 14936, "cx": 9296, "sx": 5664}}, "iter37": {"single": {"rz": 88, "cx": 64, "sx": 32}, "product": {"rz": 15024, "cx": 9360, "sx": 5696}}, "iter38": {"single": {"rz": 672, "cx": 320, "sx": 256}, "product": {"rz": 15696, "cx": 9680, "sx": 5952}}, "iter39": {"single": {"rz": 168, "sx": 64, "cx": 48}, "product": {"rz": 15864, "cx": 9728, "sx": 6016}}, "iter40": {"single": {"rz": 1008, "cx": 480, "sx": 384}, "product": {"rz": 16872, "cx": 10208, "sx": 6400}}, "iter41": {"single": {"rz": 88, "cx": 64, "sx": 32}, "product": {"rz": 16960, "cx": 10272, "sx": 6432}}, "iter42": {"single": {"cx": 528, "rz": 468, "sx": 176}, "product": {"rz": 17428, "cx": 10800, "sx": 6608}}, "iter43": {"single": {"rz": 468, "cx": 208, "sx": 176}, "product": {"rz": 17896, "cx": 11008, "sx": 6784}}, "iter44": {"single": {"rz": 44, "cx": 32, "sx": 16}, "product": {"rz": 17940, "cx": 11040, "sx": 6800}}, "iter45": {"single": {"rz": 468, "cx": 432, "sx": 176}, "product": {"rz": 18408, "cx": 11472, "sx": 6976}}, "iter46": {"single": {"rz": 88, "cx": 64, "sx": 32}, "product": {"rz": 18496, "cx": 11536, "sx": 7008}}, "iter47": {"single": {"rz": 424, "cx": 376, "sx": 160}, "product": {"rz": 18920, "cx": 11912, "sx": 7168}}, "iter48": {"single": {"rz": 468, "cx": 304, "sx": 176}, "product": {"rz": 19388, "cx": 12216, "sx": 7344}}, "iter49": {"single": {"rz": 468, "cx": 304, "sx": 176}, "product": {"rz": 19856, "cx": 12520, "sx": 7520}}, "iter50": {"single": {"rz": 468, "cx": 304, "sx": 176}, "product": {"rz": 20324, "cx": 12824, "sx": 7696}}, "iter51": {"single": {"rz": 468, "cx": 208, "sx": 176}, "product": {"rz": 20792, "cx": 13032, "sx": 7872}}, "iter52": {"single": {"rz": 336, "cx": 320, "sx": 128}, "product": {"rz": 21128, "cx": 13352, "sx": 8000}}, "iter53": {"single": {"rz": 468, "cx": 304, "sx": 176}, "product": {"rz": 21596, "cx": 13656, "sx": 8176}}, "iter54": {"single": {"cx": 128, "rz": 88, "sx": 32}, "product": {"rz": 21684, "cx": 13784, "sx": 8208}}, "iter55": {"single": {"rz": 1008, "cx": 480, "sx": 384}, "product": {"rz": 22692, "cx": 14264, "sx": 8592}}, "iter56": {"single": {"rz": 336, "sx": 128, "cx": 128}, "product": {"rz": 23028, "cx": 14392, "sx": 8720}}, "iter57": {"single": {"rz": 424, "cx": 376, "sx": 160}, "product": {"rz": 23452, "cx": 14768, "sx": 8880}}, "iter58": {"single": {"rz": 336, "cx": 192, "sx": 128}, "product": {"rz": 23788, "cx": 14960, "sx": 9008}}, "iter59": {"single": {"rz": 468, "cx": 432, "sx": 176}, "product": {"rz": 24256, "cx": 15392, "sx": 9184}}, "iter60": {"single": {"rz": 424, "cx": 376, "sx": 160}, "product": {"rz": 24680, "cx": 15768, "sx": 9344}}, "iter61": {"single": {"cx": 64, "rz": 44, "sx": 16}, "product": {"rz": 24724, "cx": 15832, "sx": 9360}}, "iter62": {"single": {"rz": 336, "cx": 192, "sx": 128}, "product": {"rz": 25060, "cx": 16024, "sx": 9488}}, "iter63": {"single": {"rz": 424, "cx": 376, "sx": 160}, "product": {"rz": 25484, "cx": 16400, "sx": 9648}}, "iter64": {"single": {"cx": 528, "rz": 468, "sx": 176}, "product": {"rz": 25952, "cx": 16928, "sx": 9824}}, "iter65": {"single": {"rz": 1008, "cx": 480, "sx": 384}, "product": {"rz": 26960, "cx": 17408, "sx": 10208}}, "iter66": {"single": {"rz": 336, "cx": 192, "sx": 128}, "product": {"rz": 27296, "cx": 17600, "sx": 10336}}, "iter67": {"single": {"rz": 424, "cx": 184, "sx": 160}, "product": {"rz": 27720, "cx": 17784, "sx": 10496}}, "iter68": {"single": {"rz": 336, "cx": 192, "sx": 128}, "product": {"rz": 28056, "cx": 17976, "sx": 10624}}, "iter69": {"single": {"rz": 1008, "cx": 480, "sx": 384}, "product": {"rz": 29064, "cx": 18456, "sx": 11008}}, "iter70": {"single": {"rz": 88, "cx": 64, "sx": 32}, "product": {"rz": 29152, "cx": 18520, "sx": 11040}}, "iter71": {"single": {"rz": 1008, "cx": 480, "sx": 384}, "product": {"rz": 30160, "cx": 19000, "sx": 11424}}, "iter72": {"single": {"cx": 128, "rz": 88, "sx": 32}, "product": {"rz": 30248, "cx": 19128, "sx": 11456}}, "iter73": {"single": {"rz": 468, "cx": 304, "sx": 176}, "product": {"rz": 30716, "cx": 19432, "sx": 11632}}, "iter74": {"single": {"rz": 1008, "cx": 864, "sx": 384}, "product": {"rz": 31724, "cx": 20296, "sx": 12016}}, "iter75": {"single": {"rz": 672, "cx": 576, "sx": 256}, "product": {"rz": 32396, "cx": 20872, "sx": 12272}}, "iter76": {"single": {"rz": 468, "cx": 304, "sx": 176}, "product": {"rz": 32864, "cx": 21176, "sx": 12448}}, "iter77": {"single": {"rz": 336, "cx": 192, "sx": 128}, "product": {"rz": 33200, "cx": 21368, "sx": 12576}}, "iter78": {"single": {"rz": 336, "cx": 192, "sx": 128}, "product": {"rz": 33536, "cx": 21560, "sx": 12704}}, "iter79": {"single": {"rz": 1008, "cx": 864, "sx": 384}, "product": {"rz": 34544, "cx": 22424, "sx": 13088}}, "iter80": {"single": {"cx": 128, "rz": 88, "sx": 32}, "product": {"rz": 34632, "cx": 22552, "sx": 13120}}, "iter81": {"single": {"rz": 336, "cx": 192, "sx": 128}, "product": {"rz": 34968, "cx": 22744, "sx": 13248}}, "iter82": {"single": {"rz": 168, "sx": 64, "cx": 48}, "product": {"rz": 35136, "cx": 22792, "sx": 13312}}, "iter83": {"single": {"rz": 1008, "cx": 480, "sx": 384}, "product": {"rz": 36144, "cx": 23272, "sx": 13696}}, "iter84": {"single": {"rz": 336, "cx": 256, "sx": 128}, "product": {"rz": 36480, "cx": 23528, "sx": 13824}}, "iter85": {"single": {"rz": 336, "sx": 128, "cx": 128}, "product": {"rz": 36816, "cx": 23656, "sx": 13952}}, "iter86": {"single": {"rz": 468, "cx": 304, "sx": 176}, "product": {"rz": 37284, "cx": 23960, "sx": 14128}}, "iter87": {"single": {"rz": 672, "cx": 320, "sx": 256}, "product": {"rz": 37956, "cx": 24280, "sx": 14384}}, "iter88": {"single": {"rz": 672, "cx": 576, "sx": 256}, "product": {"rz": 38628, "cx": 24856, "sx": 14640}}, "iter89": {"single": {"rz": 336, "cx": 192, "sx": 128}, "product": {"rz": 38964, "cx": 25048, "sx": 14768}}, "iter90": {"single": {"rz": 88, "cx": 64, "sx": 32}, "product": {"rz": 39052, "cx": 25112, "sx": 14800}}, "iter91": {"single": {"rz": 336, "cx": 192, "sx": 128}, "product": {"rz": 39388, "cx": 25304, "sx": 14928}}, "iter92": {"single": {"cx": 456, "rz": 424, "sx": 160}, "product": {"rz": 39812, "cx": 25760, "sx": 15088}}}