{"iter0": {"single": {"cx": 499, "rz": 210, "sx": 159}, "product": {"cx": 487, "rz": 242, "sx": 175}}, "iter1": {"single": {"cx": 263, "rz": 221, "sx": 164}, "product": {"cx": 742, "rz": 520, "sx": 369}}, "iter2": {"single": {"rz": 53, "cx": 39, "sx": 36}, "product": {"cx": 779, "rz": 572, "sx": 409}}, "iter3": {"single": {"rz": 53, "cx": 39, "sx": 36}, "product": {"cx": 816, "rz": 624, "sx": 449}}, "iter4": {"single": {"rz": 53, "cx": 39, "sx": 36}, "product": {"cx": 852, "rz": 674, "sx": 488}}, "iter5": {"single": {"rz": 53, "cx": 39, "sx": 36}, "product": {"cx": 888, "rz": 725, "sx": 529}}, "iter6": {"single": {"rz": 53, "cx": 39, "sx": 36}, "product": {"cx": 924, "rz": 775, "sx": 569}}, "iter7": {"single": {"rz": 53, "cx": 39, "sx": 36}, "product": {"cx": 960, "rz": 825, "sx": 609}}, "iter8": {"single": {"rz": 53, "cx": 39, "sx": 36}, "product": {"cx": 997, "rz": 873, "sx": 648}}, "iter9": {"single": {"rz": 53, "cx": 39, "sx": 36}, "product": {"cx": 1033, "rz": 923, "sx": 688}}, "iter10": {"single": {"rz": 53, "cx": 39, "sx": 36}, "product": {"cx": 1069, "rz": 973, "sx": 728}}, "iter11": {"single": {"rz": 53, "cx": 39, "sx": 36}, "product": {"cx": 1106, "rz": 1021, "sx": 767}}, "iter12": {"single": {"rz": 53, "cx": 39, "sx": 36}, "product": {"cx": 1142, "rz": 1071, "sx": 807}}, "iter13": {"single": {"cx": 263, "rz": 221, "sx": 164}, "product": {"cx": 1401, "rz": 1313, "sx": 983}}, "iter14": {"single": {"cx": 735, "rz": 324, "sx": 245}, "product": {"cx": 2125, "rz": 1663, "sx": 1262}}, "iter15": {"single": {"cx": 489, "rz": 222, "sx": 168}, "product": {"cx": 2607, "rz": 1900, "sx": 1450}}, "iter16": {"single": {"cx": 266, "rz": 222, "sx": 166}, "product": {"cx": 2867, "rz": 2140, "sx": 1637}}, "iter17": {"single": {"cx": 409, "rz": 309, "sx": 226}, "product": {"cx": 3259, "rz": 2484, "sx": 1890}}, "iter18": {"single": {"cx": 745, "rz": 313, "sx": 237}, "product": {"cx": 3983, "rz": 2879, "sx": 2171}}, "iter19": {"single": {"cx": 330, "rz": 160, "sx": 114}, "product": {"cx": 4292, "rz": 3095, "sx": 2315}}, "iter20": {"single": {"cx": 278, "rz": 134, "sx": 87}, "product": {"cx": 4562, "rz": 3273, "sx": 2436}}, "iter21": {"single": {"rz": 32, "cx": 30, "sx": 22}, "product": {"cx": 4592, "rz": 3297, "sx": 2455}}, "iter22": {"single": {"cx": 62, "rz": 32, "sx": 22}, "product": {"cx": 4653, "rz": 3320, "sx": 2473}}, "iter23": {"single": {"cx": 396, "rz": 168, "sx": 119}, "product": {"cx": 5047, "rz": 3491, "sx": 2599}}, "iter24": {"single": {"cx": 38, "rz": 36, "sx": 22}, "product": {"cx": 5085, "rz": 3523, "sx": 2620}}, "iter25": {"single": {"rz": 53, "cx": 39, "sx": 36}, "product": {"cx": 5122, "rz": 3574, "sx": 2659}}, "iter26": {"single": {"cx": 366, "rz": 160, "sx": 114}, "product": {"cx": 5481, "rz": 3744, "sx": 2778}}, "iter27": {"single": {"cx": 400, "rz": 324, "sx": 243}, "product": {"cx": 5867, "rz": 4100, "sx": 3061}}, "iter28": {"single": {"cx": 400, "rz": 324, "sx": 243}, "product": {"cx": 6256, "rz": 4460, "sx": 3344}}, "iter29": {"single": {"cx": 172, "rz": 168, "sx": 119}, "product": {"cx": 6421, "rz": 4627, "sx": 3465}}, "iter30": {"single": {"rz": 32, "cx": 30, "sx": 22}, "product": {"cx": 6450, "rz": 4653, "sx": 3485}}, "iter31": {"single": {"cx": 278, "rz": 134, "sx": 87}, "product": {"cx": 6720, "rz": 4827, "sx": 3604}}, "iter32": {"single": {"cx": 242, "rz": 118, "sx": 78}, "product": {"cx": 6956, "rz": 4965, "sx": 3703}}, "iter33": {"single": {"cx": 70, "rz": 36, "sx": 22}, "product": {"cx": 7025, "rz": 4996, "sx": 3722}}, "iter34": {"single": {"cx": 219, "rz": 174, "sx": 126}, "product": {"cx": 7242, "rz": 5184, "sx": 3858}}, "iter35": {"single": {"cx": 38, "rz": 36, "sx": 22}, "product": {"cx": 7280, "rz": 5220, "sx": 3880}}, "iter36": {"single": {"cx": 275, "rz": 138, "sx": 97}, "product": {"cx": 7549, "rz": 5362, "sx": 3978}}, "iter37": {"single": {"cx": 64, "rz": 26, "sx": 12}, "product": {"cx": 7611, "rz": 5396, "sx": 3998}}, "iter38": {"single": {"cx": 263, "rz": 221, "sx": 164}, "product": {"cx": 7868, "rz": 5641, "sx": 4175}}, "iter39": {"single": {"rz": 53, "cx": 39, "sx": 36}, "product": {"cx": 7905, "rz": 5687, "sx": 4212}}, "iter40": {"single": {"cx": 400, "rz": 325, "sx": 244}, "product": {"cx": 8295, "rz": 6065, "sx": 4499}}, "iter41": {"single": {"cx": 64, "rz": 26, "sx": 12}, "product": {"cx": 8359, "rz": 6084, "sx": 4508}}, "iter42": {"single": {"cx": 371, "rz": 174, "sx": 126}, "product": {"cx": 8726, "rz": 6268, "sx": 4640}}, "iter43": {"single": {"cx": 172, "rz": 168, "sx": 119}, "product": {"cx": 8896, "rz": 6443, "sx": 4767}}, "iter44": {"single": {"rz": 32, "cx": 30, "sx": 22}, "product": {"cx": 8924, "rz": 6471, "sx": 4785}}, "iter45": {"single": {"cx": 366, "rz": 160, "sx": 114}, "product": {"cx": 9284, "rz": 6639, "sx": 4904}}, "iter46": {"single": {"cx": 38, "rz": 36, "sx": 22}, "product": {"cx": 9320, "rz": 6683, "sx": 4934}}, "iter47": {"single": {"cx": 275, "rz": 138, "sx": 97}, "product": {"cx": 9589, "rz": 6836, "sx": 5037}}, "iter48": {"single": {"cx": 219, "rz": 174, "sx": 126}, "product": {"cx": 9804, "rz": 7032, "sx": 5181}}, "iter49": {"single": {"cx": 278, "rz": 134, "sx": 87}, "product": {"cx": 10074, "rz": 7202, "sx": 5299}}, "iter50": {"single": {"cx": 219, "rz": 174, "sx": 126}, "product": {"cx": 10290, "rz": 7386, "sx": 5433}}, "iter51": {"single": {"cx": 172, "rz": 168, "sx": 119}, "product": {"cx": 10454, "rz": 7553, "sx": 5555}}, "iter52": {"single": {"cx": 250, "rz": 107, "sx": 80}, "product": {"cx": 10693, "rz": 7666, "sx": 5642}}, "iter53": {"single": {"cx": 278, "rz": 134, "sx": 87}, "product": {"cx": 10961, "rz": 7852, "sx": 5769}}, "iter54": {"single": {"cx": 70, "rz": 36, "sx": 22}, "product": {"cx": 11030, "rz": 7883, "sx": 5787}}, "iter55": {"single": {"cx": 409, "rz": 309, "sx": 226}, "product": {"cx": 11423, "rz": 8235, "sx": 6044}}, "iter56": {"single": {"rz": 120, "cx": 104, "sx": 89}, "product": {"cx": 11521, "rz": 8392, "sx": 6155}}, "iter57": {"single": {"cx": 342, "rz": 138, "sx": 98}, "product": {"cx": 11861, "rz": 8530, "sx": 6255}}, "iter58": {"single": {"cx": 173, "rz": 101, "sx": 70}, "product": {"cx": 12030, "rz": 8642, "sx": 6340}}, "iter59": {"single": {"cx": 396, "rz": 168, "sx": 119}, "product": {"cx": 12423, "rz": 8808, "sx": 6463}}, "iter60": {"single": {"cx": 342, "rz": 138, "sx": 98}, "product": {"cx": 12761, "rz": 8944, "sx": 6564}}, "iter61": {"single": {"cx": 62, "rz": 32, "sx": 22}, "product": {"cx": 12821, "rz": 8975, "sx": 6587}}, "iter62": {"single": {"cx": 173, "rz": 101, "sx": 70}, "product": {"cx": 12990, "rz": 9087, "sx": 6672}}, "iter63": {"single": {"cx": 311, "rz": 138, "sx": 97}, "product": {"cx": 13293, "rz": 9231, "sx": 6770}}, "iter64": {"single": {"cx": 502, "rz": 134, "sx": 87}, "product": {"cx": 13785, "rz": 9409, "sx": 6897}}, "iter65": {"single": {"cx": 400, "rz": 324, "sx": 243}, "product": {"cx": 14175, "rz": 9763, "sx": 7176}}, "iter66": {"single": {"cx": 154, "rz": 107, "sx": 80}, "product": {"cx": 14323, "rz": 9877, "sx": 7259}}, "iter67": {"single": {"cx": 150, "rz": 138, "sx": 98}, "product": {"cx": 14469, "rz": 10031, "sx": 7370}}, "iter68": {"single": {"cx": 154, "rz": 107, "sx": 80}, "product": {"cx": 14613, "rz": 10138, "sx": 7450}}, "iter69": {"single": {"cx": 409, "rz": 309, "sx": 226}, "product": {"cx": 15002, "rz": 10501, "sx": 7711}}, "iter70": {"single": {"cx": 64, "rz": 26, "sx": 12}, "product": {"cx": 15062, "rz": 10550, "sx": 7735}}, "iter71": {"single": {"cx": 400, "rz": 325, "sx": 244}, "product": {"cx": 15452, "rz": 10942, "sx": 8026}}, "iter72": {"single": {"cx": 128, "rz": 26, "sx": 12}, "product": {"cx": 15580, "rz": 10964, "sx": 8037}}, "iter73": {"single": {"cx": 278, "rz": 134, "sx": 87}, "product": {"cx": 15850, "rz": 11134, "sx": 8156}}, "iter74": {"single": {"cx": 784, "rz": 324, "sx": 243}, "product": {"cx": 16622, "rz": 11482, "sx": 8433}}, "iter75": {"single": {"cx": 467, "rz": 210, "sx": 159}, "product": {"cx": 17076, "rz": 11721, "sx": 8607}}, "iter76": {"single": {"cx": 219, "rz": 174, "sx": 126}, "product": {"cx": 17289, "rz": 11937, "sx": 8758}}, "iter77": {"single": {"cx": 173, "rz": 101, "sx": 70}, "product": {"cx": 17458, "rz": 12048, "sx": 8842}}, "iter78": {"single": {"cx": 154, "rz": 107, "sx": 80}, "product": {"cx": 17605, "rz": 12165, "sx": 8927}}, "iter79": {"single": {"cx": 697, "rz": 313, "sx": 237}, "product": {"cx": 18284, "rz": 12541, "sx": 9198}}, "iter80": {"single": {"cx": 128, "rz": 26, "sx": 12}, "product": {"cx": 18408, "rz": 12595, "sx": 9225}}, "iter81": {"single": {"cx": 173, "rz": 101, "sx": 70}, "product": {"cx": 18577, "rz": 12708, "sx": 9309}}, "iter82": {"single": {"rz": 53, "cx": 39, "sx": 36}, "product": {"cx": 18614, "rz": 12761, "sx": 9349}}, "iter83": {"single": {"cx": 409, "rz": 309, "sx": 226}, "product": {"cx": 19006, "rz": 13103, "sx": 9602}}, "iter84": {"single": {"cx": 232, "rz": 120, "sx": 89}, "product": {"cx": 19231, "rz": 13261, "sx": 9714}}, "iter85": {"single": {"rz": 120, "cx": 104, "sx": 89}, "product": {"cx": 19333, "rz": 13391, "sx": 9812}}, "iter86": {"single": {"cx": 278, "rz": 134, "sx": 87}, "product": {"cx": 19603, "rz": 13558, "sx": 9929}}, "iter87": {"single": {"cx": 263, "rz": 221, "sx": 164}, "product": {"cx": 19862, "rz": 13800, "sx": 10102}}, "iter88": {"single": {"cx": 489, "rz": 224, "sx": 169}, "product": {"cx": 20344, "rz": 14049, "sx": 10292}}, "iter89": {"single": {"cx": 154, "rz": 107, "sx": 80}, "product": {"cx": 20491, "rz": 14165, "sx": 10378}}, "iter90": {"single": {"cx": 38, "rz": 36, "sx": 22}, "product": {"cx": 20527, "rz": 14213, "sx": 10405}}, "iter91": {"single": {"cx": 173, "rz": 101, "sx": 70}, "product": {"cx": 20696, "rz": 14324, "sx": 10487}}, "iter92": {"single": {"cx": 301, "rz": 145, "sx": 106}, "product": {"cx": 20994, "rz": 14482, "sx": 10601}}}