{"iter0": {"single": {"rz": 53, "cx": 39, "sx": 36}, "product": {"rz": 60, "sx": 44, "cx": 37}}, "iter1": {"single": {"cx": 237, "rz": 101, "sx": 70}, "product": {"cx": 269, "rz": 167, "sx": 127}}, "iter2": {"single": {"rz": 53, "cx": 39, "sx": 36}, "product": {"cx": 306, "rz": 222, "sx": 168}}, "iter3": {"single": {"rz": 53, "cx": 39, "sx": 36}, "product": {"cx": 342, "rz": 272, "sx": 208}}, "iter4": {"single": {"rz": 53, "cx": 39, "sx": 36}, "product": {"cx": 378, "rz": 327, "sx": 250}}, "iter5": {"single": {"rz": 53, "cx": 39, "sx": 36}, "product": {"cx": 414, "rz": 382, "sx": 292}}, "iter6": {"single": {"rz": 112, "cx": 100, "sx": 83}, "product": {"cx": 512, "rz": 500, "sx": 379}}, "iter7": {"single": {"rz": 53, "cx": 39, "sx": 36}, "product": {"rz": 552, "cx": 549, "sx": 419}}, "iter8": {"single": {"cx": 166, "rz": 134, "sx": 87}, "product": {"rz": 719, "cx": 707, "sx": 535}}, "iter9": {"single": {"rz": 112, "cx": 100, "sx": 83}, "product": {"rz": 837, "cx": 805, "sx": 621}}, "iter10": {"single": {"rz": 53, "cx": 39, "sx": 36}, "product": {"rz": 889, "cx": 842, "sx": 661}}, "iter11": {"single": {"cx": 502, "rz": 134, "sx": 87}, "product": {"cx": 1336, "rz": 1056, "sx": 778}}, "iter12": {"single": {"rz": 53, "cx": 39, "sx": 36}, "product": {"cx": 1372, "rz": 1104, "sx": 817}}, "iter13": {"single": {"cx": 519, "rz": 221, "sx": 164}, "product": {"cx": 1887, "rz": 1347, "sx": 993}}, "iter14": {"single": {"cx": 793, "rz": 309, "sx": 226}, "product": {"cx": 2663, "rz": 1691, "sx": 1247}}, "iter15": {"single": {"cx": 508, "rz": 168, "sx": 119}, "product": {"cx": 3160, "rz": 1888, "sx": 1386}}, "iter16": {"single": {"cx": 237, "rz": 101, "sx": 70}, "product": {"cx": 3392, "rz": 1998, "sx": 1470}}, "iter17": {"single": {"rz": 112, "cx": 100, "sx": 83}, "product": {"cx": 3490, "rz": 2118, "sx": 1557}}, "iter18": {"single": {"cx": 172, "rz": 168, "sx": 119}, "product": {"cx": 3660, "rz": 2285, "sx": 1678}}, "iter19": {"single": {"rz": 112, "cx": 100, "sx": 83}, "product": {"cx": 3754, "rz": 2400, "sx": 1762}}, "iter20": {"single": {"cx": 264, "rz": 121, "sx": 90}, "product": {"cx": 4016, "rz": 2531, "sx": 1860}}, "iter21": {"single": {"cx": 248, "rz": 121, "sx": 90}, "product": {"cx": 4262, "rz": 2662, "sx": 1958}}, "iter22": {"single": {"cx": 219, "rz": 174, "sx": 126}, "product": {"cx": 4479, "rz": 2850, "sx": 2092}}, "iter23": {"single": {"cx": 280, "rz": 121, "sx": 90}, "product": {"cx": 4756, "rz": 2979, "sx": 2189}}, "iter24": {"single": {"cx": 109, "rz": 101, "sx": 70}, "product": {"cx": 4861, "rz": 3088, "sx": 2271}}, "iter25": {"single": {"rz": 53, "cx": 39, "sx": 36}, "product": {"cx": 4897, "rz": 3143, "sx": 2313}}, "iter26": {"single": {"rz": 32, "cx": 30, "sx": 22}, "product": {"cx": 4926, "rz": 3166, "sx": 2331}}}