{"iter0": {"single": {"rz": 168, "sx": 64, "cx": 48}, "product": {"rz": 168, "sx": 64, "cx": 48}}, "iter1": {"single": {"rz": 336, "cx": 256, "sx": 128}, "product": {"rz": 504, "cx": 304, "sx": 192}}, "iter2": {"single": {"rz": 168, "sx": 64, "cx": 48}, "product": {"rz": 672, "cx": 352, "sx": 256}}, "iter3": {"single": {"rz": 168, "sx": 64, "cx": 48}, "product": {"rz": 840, "cx": 400, "sx": 320}}, "iter4": {"single": {"rz": 168, "sx": 64, "cx": 48}, "product": {"rz": 1008, "cx": 448, "sx": 384}}, "iter5": {"single": {"rz": 168, "sx": 64, "cx": 48}, "product": {"rz": 1176, "cx": 496, "sx": 448}}, "iter6": {"single": {"rz": 336, "sx": 128, "cx": 128}, "product": {"rz": 1512, "cx": 624, "sx": 576}}, "iter7": {"single": {"rz": 168, "sx": 64, "cx": 48}, "product": {"rz": 1680, "cx": 672, "sx": 640}}, "iter8": {"single": {"rz": 468, "cx": 192, "sx": 176}, "product": {"rz": 2148, "cx": 864, "sx": 816}}, "iter9": {"single": {"rz": 336, "sx": 128, "cx": 128}, "product": {"rz": 2484, "cx": 992, "sx": 944}}, "iter10": {"single": {"rz": 168, "sx": 64, "cx": 48}, "product": {"rz": 2652, "cx": 1040, "sx": 1008}}, "iter11": {"single": {"cx": 528, "rz": 468, "sx": 176}, "product": {"rz": 3120, "cx": 1568, "sx": 1184}}, "iter12": {"single": {"rz": 168, "sx": 64, "cx": 48}, "product": {"rz": 3288, "cx": 1616, "sx": 1248}}, "iter13": {"single": {"rz": 672, "cx": 576, "sx": 256}, "product": {"rz": 3960, "cx": 2192, "sx": 1504}}, "iter14": {"single": {"rz": 1008, "cx": 864, "sx": 384}, "product": {"rz": 4968, "cx": 3056, "sx": 1888}}, "iter15": {"single": {"cx": 544, "rz": 468, "sx": 176}, "product": {"rz": 5436, "cx": 3600, "sx": 2064}}, "iter16": {"single": {"rz": 336, "cx": 256, "sx": 128}, "product": {"rz": 5772, "cx": 3856, "sx": 2192}}, "iter17": {"single": {"rz": 336, "sx": 128, "cx": 128}, "product": {"rz": 6108, "cx": 3984, "sx": 2320}}, "iter18": {"single": {"rz": 468, "cx": 208, "sx": 176}, "product": {"rz": 6576, "cx": 4192, "sx": 2496}}, "iter19": {"single": {"rz": 336, "sx": 128, "cx": 128}, "product": {"rz": 6912, "cx": 4320, "sx": 2624}}, "iter20": {"single": {"rz": 336, "cx": 320, "sx": 128}, "product": {"rz": 7248, "cx": 4640, "sx": 2752}}, "iter21": {"single": {"rz": 336, "cx": 320, "sx": 128}, "product": {"rz": 7584, "cx": 4960, "sx": 2880}}, "iter22": {"single": {"rz": 468, "cx": 304, "sx": 176}, "product": {"rz": 8052, "cx": 5264, "sx": 3056}}, "iter23": {"single": {"rz": 336, "cx": 320, "sx": 128}, "product": {"rz": 8388, "cx": 5584, "sx": 3184}}, "iter24": {"single": {"rz": 336, "sx": 128, "cx": 128}, "product": {"rz": 8724, "cx": 5712, "sx": 3312}}, "iter25": {"single": {"rz": 168, "sx": 64, "cx": 48}, "product": {"rz": 8892, "cx": 5760, "sx": 3376}}, "iter26": {"single": {"rz": 44, "cx": 32, "sx": 16}, "product": {"rz": 8936, "cx": 5792, "sx": 3392}}}