{"iter0": {"single": {"rz": 672, "cx": 576, "sx": 256}, "product": {"rz": 672, "cx": 576, "sx": 256}}, "iter1": {"single": {"rz": 672, "cx": 320, "sx": 256}, "product": {"rz": 1344, "cx": 896, "sx": 512}}, "iter2": {"single": {"rz": 672, "cx": 320, "sx": 256}, "product": {"rz": 2016, "cx": 1216, "sx": 768}}, "iter3": {"single": {"rz": 336, "cx": 192, "sx": 128}, "product": {"rz": 2352, "cx": 1408, "sx": 896}}, "iter4": {"single": {"rz": 424, "cx": 184, "sx": 160}, "product": {"rz": 2776, "cx": 1592, "sx": 1056}}, "iter5": {"single": {"rz": 672, "cx": 320, "sx": 256}, "product": {"rz": 3448, "cx": 1912, "sx": 1312}}, "iter6": {"single": {"rz": 672, "cx": 320, "sx": 256}, "product": {"rz": 4120, "cx": 2232, "sx": 1568}}, "iter7": {"single": {"rz": 44, "cx": 32, "sx": 16}, "product": {"rz": 4164, "cx": 2264, "sx": 1584}}, "iter8": {"single": {"rz": 336, "cx": 192, "sx": 128}, "product": {"rz": 4500, "cx": 2456, "sx": 1712}}, "iter9": {"single": {"rz": 468, "cx": 304, "sx": 176}, "product": {"rz": 4968, "cx": 2760, "sx": 1888}}, "iter10": {"single": {"rz": 468, "cx": 304, "sx": 176}, "product": {"rz": 5436, "cx": 3064, "sx": 2064}}, "iter11": {"single": {"rz": 168, "sx": 64, "cx": 48}, "product": {"rz": 5604, "cx": 3112, "sx": 2128}}, "iter12": {"single": {"rz": 468, "cx": 304, "sx": 176}, "product": {"rz": 6072, "cx": 3416, "sx": 2304}}, "iter13": {"single": {"rz": 168, "sx": 64, "cx": 48}, "product": {"rz": 6240, "cx": 3464, "sx": 2368}}, "iter14": {"single": {"rz": 168, "sx": 64, "cx": 48}, "product": {"rz": 6408, "cx": 3512, "sx": 2432}}, "iter15": {"single": {"rz": 336, "sx": 128, "cx": 128}, "product": {"rz": 6744, "cx": 3640, "sx": 2560}}, "iter16": {"single": {"rz": 88, "cx": 64, "sx": 32}, "product": {"rz": 6832, "cx": 3704, "sx": 2592}}, "iter17": {"single": {"rz": 468, "cx": 304, "sx": 176}, "product": {"rz": 7300, "cx": 4008, "sx": 2768}}, "iter18": {"single": {"rz": 336, "cx": 192, "sx": 128}, "product": {"rz": 7636, "cx": 4200, "sx": 2896}}, "iter19": {"single": {"rz": 424, "cx": 376, "sx": 160}, "product": {"rz": 8060, "cx": 4576, "sx": 3056}}, "iter20": {"single": {"rz": 468, "cx": 432, "sx": 176}, "product": {"rz": 8528, "cx": 5008, "sx": 3232}}, "iter21": {"single": {"rz": 336, "cx": 320, "sx": 128}, "product": {"rz": 8864, "cx": 5328, "sx": 3360}}, "iter22": {"single": {"rz": 672, "cx": 576, "sx": 256}, "product": {"rz": 9536, "cx": 5904, "sx": 3616}}, "iter23": {"single": {"rz": 424, "cx": 376, "sx": 160}, "product": {"rz": 9960, "cx": 6280, "sx": 3776}}, "iter24": {"single": {"cx": 456, "rz": 424, "sx": 160}, "product": {"rz": 10384, "cx": 6736, "sx": 3936}}, "iter25": {"single": {"cx": 528, "rz": 468, "sx": 176}, "product": {"rz": 10852, "cx": 7264, "sx": 4112}}, "iter26": {"single": {"cx": 64, "rz": 44, "sx": 16}, "product": {"rz": 10896, "cx": 7328, "sx": 4128}}, "iter27": {"single": {"cx": 128, "rz": 88, "sx": 32}, "product": {"rz": 10984, "cx": 7456, "sx": 4160}}, "iter28": {"single": {"rz": 1008, "cx": 864, "sx": 384}, "product": {"rz": 11992, "cx": 8320, "sx": 4544}}, "iter29": {"single": {"rz": 168, "sx": 64, "cx": 48}, "product": {"rz": 12160, "cx": 8368, "sx": 4608}}, "iter30": {"single": {"rz": 1008, "cx": 480, "sx": 384}, "product": {"rz": 13168, "cx": 8848, "sx": 4992}}, "iter31": {"single": {"rz": 1008, "cx": 480, "sx": 384}, "product": {"rz": 14176, "cx": 9328, "sx": 5376}}, "iter32": {"single": {"rz": 468, "cx": 304, "sx": 176}, "product": {"rz": 14644, "cx": 9632, "sx": 5552}}, "iter33": {"single": {"rz": 468, "cx": 304, "sx": 176}, "product": {"rz": 15112, "cx": 9936, "sx": 5728}}, "iter34": {"single": {"rz": 1008, "cx": 480, "sx": 384}, "product": {"rz": 16120, "cx": 10416, "sx": 6112}}, "iter35": {"single": {"rz": 168, "sx": 64, "cx": 48}, "product": {"rz": 16288, "cx": 10464, "sx": 6176}}, "iter36": {"single": {"cx": 64, "rz": 44, "sx": 16}, "product": {"rz": 16332, "cx": 10528, "sx": 6192}}, "iter37": {"single": {"rz": 468, "cx": 432, "sx": 176}, "product": {"rz": 16800, "cx": 10960, "sx": 6368}}, "iter38": {"single": {"rz": 168, "sx": 64, "cx": 48}, "product": {"rz": 16968, "cx": 11008, "sx": 6432}}, "iter39": {"single": {"rz": 468, "cx": 432, "sx": 176}, "product": {"rz": 17436, "cx": 11440, "sx": 6608}}, "iter40": {"single": {"rz": 168, "sx": 64, "cx": 48}, "product": {"rz": 17604, "cx": 11488, "sx": 6672}}, "iter41": {"single": {"rz": 468, "cx": 208, "sx": 176}, "product": {"rz": 18072, "cx": 11696, "sx": 6848}}, "iter42": {"single": {"rz": 44, "cx": 32, "sx": 16}, "product": {"rz": 18116, "cx": 11728, "sx": 6864}}, "iter43": {"single": {"rz": 88, "cx": 64, "sx": 32}, "product": {"rz": 18204, "cx": 11792, "sx": 6896}}, "iter44": {"single": {"rz": 336, "cx": 192, "sx": 128}, "product": {"rz": 18540, "cx": 11984, "sx": 7024}}, "iter45": {"single": {"rz": 168, "sx": 64, "cx": 48}, "product": {"rz": 18708, "cx": 12032, "sx": 7088}}, "iter46": {"single": {"rz": 1008, "cx": 480, "sx": 384}, "product": {"rz": 19716, "cx": 12512, "sx": 7472}}, "iter47": {"single": {"rz": 88, "cx": 64, "sx": 32}, "product": {"rz": 19804, "cx": 12576, "sx": 7504}}, "iter48": {"single": {"rz": 336, "cx": 192, "sx": 128}, "product": {"rz": 20140, "cx": 12768, "sx": 7632}}, "iter49": {"single": {"rz": 1008, "cx": 480, "sx": 384}, "product": {"rz": 21148, "cx": 13248, "sx": 8016}}, "iter50": {"single": {"rz": 1008, "cx": 864, "sx": 384}, "product": {"rz": 22156, "cx": 14112, "sx": 8400}}, "iter51": {"single": {"rz": 672, "cx": 576, "sx": 256}, "product": {"rz": 22828, "cx": 14688, "sx": 8656}}, "iter52": {"single": {"rz": 424, "cx": 264, "sx": 160}, "product": {"rz": 23252, "cx": 14952, "sx": 8816}}, "iter53": {"single": {"cx": 128, "rz": 88, "sx": 32}, "product": {"rz": 23340, "cx": 15080, "sx": 8848}}, "iter54": {"single": {"rz": 672, "cx": 320, "sx": 256}, "product": {"rz": 24012, "cx": 15400, "sx": 9104}}, "iter55": {"single": {"rz": 672, "cx": 320, "sx": 256}, "product": {"rz": 24684, "cx": 15720, "sx": 9360}}, "iter56": {"single": {"rz": 672, "cx": 320, "sx": 256}, "product": {"rz": 25356, "cx": 16040, "sx": 9616}}, "iter57": {"single": {"rz": 1008, "cx": 864, "sx": 384}, "product": {"rz": 26364, "cx": 16904, "sx": 10000}}, "iter58": {"single": {"rz": 1008, "cx": 864, "sx": 384}, "product": {"rz": 27372, "cx": 17768, "sx": 10384}}, "iter59": {"single": {"rz": 672, "cx": 320, "sx": 256}, "product": {"rz": 28044, "cx": 18088, "sx": 10640}}, "iter60": {"single": {"rz": 468, "cx": 432, "sx": 176}, "product": {"rz": 28512, "cx": 18520, "sx": 10816}}, "iter61": {"single": {"rz": 424, "cx": 264, "sx": 160}, "product": {"rz": 28936, "cx": 18784, "sx": 10976}}, "iter62": {"single": {"rz": 1008, "cx": 864, "sx": 384}, "product": {"rz": 29944, "cx": 19648, "sx": 11360}}, "iter63": {"single": {"rz": 672, "cx": 576, "sx": 256}, "product": {"rz": 30616, "cx": 20224, "sx": 11616}}, "iter64": {"single": {"rz": 1008, "cx": 864, "sx": 384}, "product": {"rz": 31624, "cx": 21088, "sx": 12000}}, "iter65": {"single": {"rz": 468, "cx": 208, "sx": 176}, "product": {"rz": 32092, "cx": 21296, "sx": 12176}}, "iter66": {"single": {"rz": 168, "sx": 64, "cx": 48}, "product": {"rz": 32260, "cx": 21344, "sx": 12240}}, "iter67": {"single": {"rz": 336, "cx": 256, "sx": 128}, "product": {"rz": 32596, "cx": 21600, "sx": 12368}}, "iter68": {"single": {"rz": 168, "sx": 64, "cx": 48}, "product": {"rz": 32764, "cx": 21648, "sx": 12432}}, "iter69": {"single": {"rz": 468, "cx": 208, "sx": 176}, "product": {"rz": 33232, "cx": 21856, "sx": 12608}}, "iter70": {"single": {"rz": 424, "cx": 376, "sx": 160}, "product": {"rz": 33656, "cx": 22232, "sx": 12768}}, "iter71": {"single": {"rz": 336, "sx": 128, "cx": 128}, "product": {"rz": 33992, "cx": 22360, "sx": 12896}}, "iter72": {"single": {"rz": 1008, "cx": 480, "sx": 384}, "product": {"rz": 35000, "cx": 22840, "sx": 13280}}, "iter73": {"single": {"rz": 336, "cx": 192, "sx": 128}, "product": {"rz": 35336, "cx": 23032, "sx": 13408}}, "iter74": {"single": {"rz": 468, "cx": 432, "sx": 176}, "product": {"rz": 35804, "cx": 23464, "sx": 13584}}, "iter75": {"single": {"cx": 128, "rz": 88, "sx": 32}, "product": {"rz": 35892, "cx": 23592, "sx": 13616}}, "iter76": {"single": {"rz": 672, "cx": 576, "sx": 256}, "product": {"rz": 36564, "cx": 24168, "sx": 13872}}, "iter77": {"single": {"rz": 336, "cx": 320, "sx": 128}, "product": {"rz": 36900, "cx": 24488, "sx": 14000}}, "iter78": {"single": {"rz": 336, "cx": 192, "sx": 128}, "product": {"rz": 37236, "cx": 24680, "sx": 14128}}, "iter79": {"single": {"rz": 168, "sx": 64, "cx": 48}, "product": {"rz": 37404, "cx": 24728, "sx": 14192}}, "iter80": {"single": {"rz": 336, "cx": 192, "sx": 128}, "product": {"rz": 37740, "cx": 24920, "sx": 14320}}, "iter81": {"single": {"rz": 336, "cx": 256, "sx": 128}, "product": {"rz": 38076, "cx": 25176, "sx": 14448}}, "iter82": {"single": {"rz": 424, "cx": 376, "sx": 160}, "product": {"rz": 38500, "cx": 25552, "sx": 14608}}, "iter83": {"single": {"rz": 468, "cx": 304, "sx": 176}, "product": {"rz": 38968, "cx": 25856, "sx": 14784}}, "iter84": {"single": {"rz": 672, "cx": 320, "sx": 256}, "product": {"rz": 39640, "cx": 26176, "sx": 15040}}, "iter85": {"single": {"rz": 336, "cx": 192, "sx": 128}, "product": {"rz": 39976, "cx": 26368, "sx": 15168}}, "iter86": {"single": {"rz": 336, "cx": 192, "sx": 128}, "product": {"rz": 40312, "cx": 26560, "sx": 15296}}, "iter87": {"single": {"rz": 44, "cx": 32, "sx": 16}, "product": {"rz": 40356, "cx": 26592, "sx": 15312}}, "iter88": {"single": {"rz": 1008, "cx": 480, "sx": 384}, "product": {"rz": 41364, "cx": 27072, "sx": 15696}}, "iter89": {"single": {"rz": 424, "cx": 376, "sx": 160}, "product": {"rz": 41788, "cx": 27448, "sx": 15856}}, "iter90": {"single": {"rz": 88, "cx": 64, "sx": 32}, "product": {"rz": 41876, "cx": 27512, "sx": 15888}}, "iter91": {"single": {"rz": 336, "cx": 256, "sx": 128}, "product": {"rz": 42212, "cx": 27768, "sx": 16016}}}