{"iter0": {"single": {"cx": 499, "rz": 210, "sx": 159}, "product": {"cx": 487, "rz": 242, "sx": 175}}, "iter1": {"single": {"cx": 263, "rz": 221, "sx": 164}, "product": {"cx": 742, "rz": 520, "sx": 369}}, "iter2": {"single": {"cx": 263, "rz": 221, "sx": 164}, "product": {"cx": 1000, "rz": 767, "sx": 547}}, "iter3": {"single": {"cx": 173, "rz": 101, "sx": 70}, "product": {"cx": 1169, "rz": 874, "sx": 630}}, "iter4": {"single": {"cx": 150, "rz": 138, "sx": 98}, "product": {"cx": 1317, "rz": 1013, "sx": 733}}, "iter5": {"single": {"cx": 263, "rz": 221, "sx": 164}, "product": {"cx": 1576, "rz": 1256, "sx": 910}}, "iter6": {"single": {"cx": 263, "rz": 221, "sx": 164}, "product": {"cx": 1834, "rz": 1503, "sx": 1088}}, "iter7": {"single": {"rz": 32, "cx": 30, "sx": 22}, "product": {"cx": 1863, "rz": 1529, "sx": 1108}}, "iter8": {"single": {"cx": 154, "rz": 107, "sx": 80}, "product": {"cx": 2010, "rz": 1645, "sx": 1194}}, "iter9": {"single": {"cx": 278, "rz": 134, "sx": 87}, "product": {"cx": 2278, "rz": 1831, "sx": 1319}}, "iter10": {"single": {"cx": 278, "rz": 134, "sx": 87}, "product": {"cx": 2548, "rz": 2000, "sx": 1437}}, "iter11": {"single": {"rz": 53, "cx": 39, "sx": 36}, "product": {"cx": 2585, "rz": 2053, "sx": 1478}}, "iter12": {"single": {"cx": 278, "rz": 134, "sx": 87}, "product": {"cx": 2855, "rz": 2222, "sx": 1595}}, "iter13": {"single": {"rz": 53, "cx": 39, "sx": 36}, "product": {"cx": 2892, "rz": 2275, "sx": 1636}}, "iter14": {"single": {"rz": 53, "cx": 39, "sx": 36}, "product": {"cx": 2928, "rz": 2325, "sx": 1676}}, "iter15": {"single": {"rz": 120, "cx": 104, "sx": 89}, "product": {"cx": 3030, "rz": 2448, "sx": 1769}}, "iter16": {"single": {"cx": 38, "rz": 36, "sx": 22}, "product": {"cx": 3068, "rz": 2480, "sx": 1788}}, "iter17": {"single": {"cx": 219, "rz": 174, "sx": 126}, "product": {"cx": 3284, "rz": 2667, "sx": 1922}}, "iter18": {"single": {"cx": 154, "rz": 107, "sx": 80}, "product": {"cx": 3431, "rz": 2782, "sx": 2007}}, "iter19": {"single": {"cx": 275, "rz": 138, "sx": 97}, "product": {"cx": 3698, "rz": 2941, "sx": 2115}}, "iter20": {"single": {"cx": 396, "rz": 168, "sx": 119}, "product": {"cx": 4089, "rz": 3118, "sx": 2248}}, "iter21": {"single": {"cx": 250, "rz": 107, "sx": 80}, "product": {"cx": 4333, "rz": 3234, "sx": 2332}}, "iter22": {"single": {"cx": 522, "rz": 222, "sx": 166}, "product": {"cx": 4847, "rz": 3492, "sx": 2528}}, "iter23": {"single": {"cx": 342, "rz": 138, "sx": 98}, "product": {"cx": 5187, "rz": 3628, "sx": 2630}}, "iter24": {"single": {"cx": 434, "rz": 118, "sx": 78}, "product": {"cx": 5615, "rz": 3768, "sx": 2730}}, "iter25": {"single": {"cx": 502, "rz": 134, "sx": 87}, "product": {"cx": 6109, "rz": 3937, "sx": 2848}}, "iter26": {"single": {"cx": 62, "rz": 32, "sx": 22}, "product": {"cx": 6171, "rz": 3961, "sx": 2867}}, "iter27": {"single": {"cx": 70, "rz": 36, "sx": 22}, "product": {"cx": 6241, "rz": 3997, "sx": 2889}}, "iter28": {"single": {"cx": 784, "rz": 325, "sx": 244}, "product": {"cx": 7015, "rz": 4384, "sx": 3177}}, "iter29": {"single": {"rz": 53, "cx": 39, "sx": 36}, "product": {"cx": 7052, "rz": 4439, "sx": 3219}}, "iter30": {"single": {"cx": 409, "rz": 309, "sx": 226}, "product": {"cx": 7445, "rz": 4783, "sx": 3472}}, "iter31": {"single": {"cx": 400, "rz": 325, "sx": 244}, "product": {"cx": 7831, "rz": 5197, "sx": 3777}}, "iter32": {"single": {"cx": 278, "rz": 134, "sx": 87}, "product": {"cx": 8101, "rz": 5371, "sx": 3896}}, "iter33": {"single": {"cx": 219, "rz": 174, "sx": 126}, "product": {"cx": 8317, "rz": 5550, "sx": 4026}}, "iter34": {"single": {"cx": 409, "rz": 309, "sx": 226}, "product": {"cx": 8709, "rz": 5902, "sx": 4282}}, "iter35": {"single": {"rz": 53, "cx": 39, "sx": 36}, "product": {"cx": 8742, "rz": 5985, "sx": 4339}}, "iter36": {"single": {"cx": 62, "rz": 32, "sx": 22}, "product": {"cx": 8800, "rz": 6005, "sx": 4353}}, "iter37": {"single": {"cx": 366, "rz": 160, "sx": 114}, "product": {"cx": 9159, "rz": 6181, "sx": 4476}}, "iter38": {"single": {"rz": 53, "cx": 39, "sx": 36}, "product": {"cx": 9193, "rz": 6247, "sx": 4527}}, "iter39": {"single": {"cx": 330, "rz": 160, "sx": 114}, "product": {"cx": 9516, "rz": 6414, "sx": 4645}}, "iter40": {"single": {"rz": 53, "cx": 39, "sx": 36}, "product": {"cx": 9550, "rz": 6480, "sx": 4696}}, "iter41": {"single": {"cx": 172, "rz": 168, "sx": 119}, "product": {"cx": 9720, "rz": 6647, "sx": 4820}}, "iter42": {"single": {"rz": 32, "cx": 30, "sx": 22}, "product": {"cx": 9749, "rz": 6673, "sx": 4840}}, "iter43": {"single": {"cx": 38, "rz": 36, "sx": 22}, "product": {"cx": 9787, "rz": 6709, "sx": 4862}}, "iter44": {"single": {"cx": 154, "rz": 107, "sx": 80}, "product": {"cx": 9935, "rz": 6826, "sx": 4946}}, "iter45": {"single": {"rz": 53, "cx": 39, "sx": 36}, "product": {"cx": 9970, "rz": 6894, "sx": 4994}}, "iter46": {"single": {"cx": 409, "rz": 309, "sx": 226}, "product": {"cx": 10363, "rz": 7247, "sx": 5249}}, "iter47": {"single": {"cx": 64, "rz": 26, "sx": 12}, "product": {"cx": 10423, "rz": 7298, "sx": 5275}}, "iter48": {"single": {"cx": 173, "rz": 101, "sx": 70}, "product": {"cx": 10592, "rz": 7408, "sx": 5358}}, "iter49": {"single": {"cx": 400, "rz": 325, "sx": 244}, "product": {"cx": 10982, "rz": 7784, "sx": 5643}}, "iter50": {"single": {"cx": 735, "rz": 326, "sx": 246}, "product": {"cx": 11707, "rz": 8172, "sx": 5936}}, "iter51": {"single": {"cx": 489, "rz": 222, "sx": 168}, "product": {"cx": 12189, "rz": 8410, "sx": 6125}}, "iter52": {"single": {"cx": 242, "rz": 118, "sx": 78}, "product": {"cx": 12425, "rz": 8550, "sx": 6225}}, "iter53": {"single": {"cx": 128, "rz": 26, "sx": 12}, "product": {"cx": 12553, "rz": 8571, "sx": 6235}}, "iter54": {"single": {"cx": 263, "rz": 221, "sx": 164}, "product": {"cx": 12812, "rz": 8822, "sx": 6414}}, "iter55": {"single": {"cx": 263, "rz": 221, "sx": 164}, "product": {"cx": 13071, "rz": 9063, "sx": 6590}}, "iter56": {"single": {"cx": 266, "rz": 223, "sx": 167}, "product": {"cx": 13331, "rz": 9320, "sx": 6783}}, "iter57": {"single": {"cx": 745, "rz": 313, "sx": 237}, "product": {"cx": 14059, "rz": 9690, "sx": 7050}}, "iter58": {"single": {"cx": 793, "rz": 309, "sx": 226}, "product": {"cx": 14831, "rz": 10071, "sx": 7322}}, "iter59": {"single": {"cx": 266, "rz": 222, "sx": 166}, "product": {"cx": 15086, "rz": 10340, "sx": 7526}}, "iter60": {"single": {"cx": 330, "rz": 160, "sx": 114}, "product": {"cx": 15410, "rz": 10508, "sx": 7646}}, "iter61": {"single": {"cx": 181, "rz": 145, "sx": 106}, "product": {"cx": 15585, "rz": 10671, "sx": 7766}}, "iter62": {"single": {"cx": 697, "rz": 313, "sx": 237}, "product": {"cx": 16265, "rz": 11040, "sx": 8032}}, "iter63": {"single": {"cx": 467, "rz": 210, "sx": 159}, "product": {"cx": 16715, "rz": 11306, "sx": 8220}}, "iter64": {"single": {"cx": 735, "rz": 324, "sx": 245}, "product": {"cx": 17435, "rz": 11695, "sx": 8519}}, "iter65": {"single": {"cx": 172, "rz": 168, "sx": 119}, "product": {"cx": 17599, "rz": 11862, "sx": 8641}}, "iter66": {"single": {"rz": 53, "cx": 39, "sx": 36}, "product": {"cx": 17635, "rz": 11924, "sx": 8691}}, "iter67": {"single": {"cx": 232, "rz": 120, "sx": 89}, "product": {"cx": 17865, "rz": 12047, "sx": 8785}}, "iter68": {"single": {"rz": 53, "cx": 39, "sx": 36}, "product": {"cx": 17902, "rz": 12100, "sx": 8826}}, "iter69": {"single": {"cx": 172, "rz": 168, "sx": 119}, "product": {"cx": 18072, "rz": 12275, "sx": 8951}}, "iter70": {"single": {"cx": 311, "rz": 138, "sx": 97}, "product": {"cx": 18375, "rz": 12420, "sx": 9051}}, "iter71": {"single": {"rz": 120, "cx": 104, "sx": 89}, "product": {"cx": 18473, "rz": 12557, "sx": 9154}}, "iter72": {"single": {"cx": 409, "rz": 309, "sx": 226}, "product": {"cx": 18865, "rz": 12905, "sx": 9410}}, "iter73": {"single": {"cx": 173, "rz": 101, "sx": 70}, "product": {"cx": 19030, "rz": 13039, "sx": 9505}}, "iter74": {"single": {"cx": 366, "rz": 160, "sx": 114}, "product": {"cx": 19389, "rz": 13206, "sx": 9623}}, "iter75": {"single": {"cx": 128, "rz": 26, "sx": 12}, "product": {"cx": 19515, "rz": 13239, "sx": 9641}}, "iter76": {"single": {"cx": 519, "rz": 221, "sx": 164}, "product": {"cx": 20028, "rz": 13484, "sx": 9818}}, "iter77": {"single": {"cx": 301, "rz": 101, "sx": 70}, "product": {"cx": 20325, "rz": 13595, "sx": 9902}}, "iter78": {"single": {"cx": 173, "rz": 101, "sx": 70}, "product": {"cx": 20493, "rz": 13702, "sx": 9985}}, "iter79": {"single": {"rz": 53, "cx": 39, "sx": 36}, "product": {"cx": 20530, "rz": 13755, "sx": 10025}}, "iter80": {"single": {"cx": 154, "rz": 107, "sx": 80}, "product": {"cx": 20678, "rz": 13874, "sx": 10110}}, "iter81": {"single": {"cx": 232, "rz": 120, "sx": 89}, "product": {"cx": 20906, "rz": 14017, "sx": 10212}}, "iter82": {"single": {"cx": 311, "rz": 138, "sx": 97}, "product": {"cx": 21211, "rz": 14165, "sx": 10315}}, "iter83": {"single": {"cx": 219, "rz": 174, "sx": 126}, "product": {"cx": 21425, "rz": 14363, "sx": 10459}}, "iter84": {"single": {"cx": 266, "rz": 222, "sx": 166}, "product": {"cx": 21684, "rz": 14607, "sx": 10647}}, "iter85": {"single": {"cx": 154, "rz": 107, "sx": 80}, "product": {"cx": 21831, "rz": 14722, "sx": 10731}}, "iter86": {"single": {"cx": 173, "rz": 101, "sx": 70}, "product": {"cx": 21998, "rz": 14847, "sx": 10822}}, "iter87": {"single": {"rz": 32, "cx": 30, "sx": 22}, "product": {"cx": 22028, "rz": 14871, "sx": 10838}}, "iter88": {"single": {"cx": 400, "rz": 324, "sx": 243}, "product": {"cx": 22418, "rz": 15231, "sx": 11116}}, "iter89": {"single": {"cx": 275, "rz": 138, "sx": 97}, "product": {"cx": 22686, "rz": 15377, "sx": 11217}}, "iter90": {"single": {"cx": 64, "rz": 26, "sx": 12}, "product": {"cx": 22748, "rz": 15407, "sx": 11236}}, "iter91": {"single": {"cx": 216, "rz": 121, "sx": 90}, "product": {"cx": 22956, "rz": 15537, "sx": 11332}}}