{"iter0": {"single": {"cx": 263, "rz": 221, "sx": 164}, "product": {"cx": 259, "rz": 251, "sx": 180}}, "iter1": {"single": {"rz": 53, "cx": 39, "sx": 36}, "product": {"rz": 300, "cx": 296, "sx": 220}}, "iter2": {"single": {"rz": 53, "cx": 39, "sx": 36}, "product": {"rz": 354, "cx": 333, "sx": 260}}, "iter3": {"single": {"rz": 53, "cx": 39, "sx": 36}, "product": {"rz": 404, "cx": 369, "sx": 300}}, "iter4": {"single": {"rz": 53, "cx": 39, "sx": 36}, "product": {"rz": 454, "cx": 405, "sx": 340}}, "iter5": {"single": {"cx": 409, "rz": 309, "sx": 226}, "product": {"cx": 798, "rz": 795, "sx": 591}}, "iter6": {"single": {"cx": 266, "rz": 222, "sx": 166}, "product": {"rz": 1062, "cx": 1053, "sx": 793}}, "iter7": {"single": {"cx": 172, "rz": 168, "sx": 119}, "product": {"rz": 1229, "cx": 1218, "sx": 914}}, "iter8": {"single": {"cx": 278, "rz": 134, "sx": 87}, "product": {"cx": 1488, "rz": 1399, "sx": 1033}}, "iter9": {"single": {"cx": 173, "rz": 101, "sx": 70}, "product": {"cx": 1656, "rz": 1505, "sx": 1115}}, "iter10": {"single": {"cx": 154, "rz": 107, "sx": 80}, "product": {"cx": 1804, "rz": 1621, "sx": 1199}}}