{"iter0": {"single": {"rz": 672, "cx": 320, "sx": 256}, "product": {"rz": 672, "cx": 320, "sx": 256}}, "iter1": {"single": {"rz": 168, "sx": 64, "cx": 48}, "product": {"rz": 840, "cx": 368, "sx": 320}}, "iter2": {"single": {"rz": 168, "sx": 64, "cx": 48}, "product": {"rz": 1008, "cx": 416, "sx": 384}}, "iter3": {"single": {"rz": 168, "sx": 64, "cx": 48}, "product": {"rz": 1176, "cx": 464, "sx": 448}}, "iter4": {"single": {"rz": 168, "sx": 64, "cx": 48}, "product": {"rz": 1344, "sx": 512, "cx": 512}}, "iter5": {"single": {"rz": 1008, "cx": 480, "sx": 384}, "product": {"rz": 2352, "cx": 992, "sx": 896}}, "iter6": {"single": {"rz": 672, "cx": 320, "sx": 256}, "product": {"rz": 3024, "cx": 1312, "sx": 1152}}, "iter7": {"single": {"rz": 468, "cx": 208, "sx": 176}, "product": {"rz": 3492, "cx": 1520, "sx": 1328}}, "iter8": {"single": {"rz": 468, "cx": 304, "sx": 176}, "product": {"rz": 3960, "cx": 1824, "sx": 1504}}, "iter9": {"single": {"rz": 336, "cx": 192, "sx": 128}, "product": {"rz": 4296, "cx": 2016, "sx": 1632}}, "iter10": {"single": {"rz": 336, "cx": 192, "sx": 128}, "product": {"rz": 4632, "cx": 2208, "sx": 1760}}}