{"iter0": {"single": {"rz": 168, "sx": 64, "cx": 48}, "product": {"rz": 168, "sx": 64, "cx": 48}}, "iter1": {"single": {"rz": 168, "sx": 64, "cx": 48}, "product": {"rz": 336, "sx": 128, "cx": 96}}, "iter2": {"single": {"rz": 168, "sx": 64, "cx": 48}, "product": {"rz": 504, "sx": 192, "cx": 144}}, "iter3": {"single": {"rz": 468, "cx": 192, "sx": 176}, "product": {"rz": 972, "sx": 368, "cx": 336}}, "iter4": {"single": {"rz": 336, "sx": 128, "cx": 128}, "product": {"rz": 1308, "sx": 496, "cx": 464}}, "iter5": {"single": {"rz": 168, "sx": 64, "cx": 48}, "product": {"rz": 1476, "sx": 560, "cx": 512}}, "iter6": {"single": {"rz": 168, "sx": 64, "cx": 48}, "product": {"rz": 1644, "sx": 624, "cx": 560}}, "iter7": {"single": {"rz": 168, "sx": 64, "cx": 48}, "product": {"rz": 1812, "sx": 688, "cx": 608}}, "iter8": {"single": {"rz": 168, "sx": 64, "cx": 48}, "product": {"rz": 1980, "sx": 752, "cx": 656}}, "iter9": {"single": {"rz": 44, "sx": 16, "cx": 16}, "product": {"rz": 2024, "sx": 768, "cx": 672}}, "iter10": {"single": {"rz": 468, "cx": 416, "sx": 176}, "product": {"rz": 2492, "cx": 1088, "sx": 944}}, "iter11": {"single": {"cx": 48, "rz": 44, "sx": 16}, "product": {"rz": 2536, "cx": 1136, "sx": 960}}, "iter12": {"single": {"cx": 96, "rz": 88, "sx": 32}, "product": {"rz": 2624, "cx": 1232, "sx": 992}}, "iter13": {"single": {"rz": 424, "cx": 360, "sx": 160}, "product": {"rz": 3048, "cx": 1592, "sx": 1152}}, "iter14": {"single": {"rz": 336, "cx": 256, "sx": 128}, "product": {"rz": 3384, "cx": 1848, "sx": 1280}}, "iter15": {"single": {"cx": 528, "rz": 468, "sx": 176}, "product": {"rz": 3852, "cx": 2376, "sx": 1456}}, "iter16": {"single": {"cx": 64, "rz": 44, "sx": 16}, "product": {"rz": 3896, "cx": 2440, "sx": 1472}}, "iter17": {"single": {"rz": 424, "cx": 376, "sx": 160}, "product": {"rz": 4320, "cx": 2816, "sx": 1632}}, "iter18": {"single": {"rz": 88, "sx": 32, "cx": 32}, "product": {"rz": 4408, "cx": 2848, "sx": 1664}}, "iter19": {"single": {"rz": 424, "cx": 168, "sx": 160}, "product": {"rz": 4832, "cx": 3016, "sx": 1824}}, "iter20": {"single": {"rz": 88, "sx": 32, "cx": 32}, "product": {"rz": 4920, "cx": 3048, "sx": 1856}}, "iter21": {"single": {"rz": 168, "sx": 64, "cx": 48}, "product": {"rz": 5088, "cx": 3096, "sx": 1920}}, "iter22": {"single": {"rz": 168, "sx": 64, "cx": 48}, "product": {"rz": 5256, "cx": 3144, "sx": 1984}}, "iter23": {"single": {"cx": 128, "rz": 88, "sx": 32}, "product": {"rz": 5344, "cx": 3272, "sx": 2016}}, "iter24": {"single": {"cx": 456, "rz": 424, "sx": 160}, "product": {"rz": 5768, "cx": 3728, "sx": 2176}}, "iter25": {"single": {"cx": 128, "rz": 88, "sx": 32}, "product": {"rz": 5856, "cx": 3856, "sx": 2208}}, "iter26": {"single": {"rz": 336, "sx": 128, "cx": 128}, "product": {"rz": 6192, "cx": 3984, "sx": 2336}}, "iter27": {"single": {"rz": 336, "cx": 192, "sx": 128}, "product": {"rz": 6528, "cx": 4176, "sx": 2464}}, "iter28": {"single": {"rz": 44, "cx": 32, "sx": 16}, "product": {"rz": 6572, "cx": 4208, "sx": 2480}}, "iter29": {"single": {"rz": 88, "cx": 64, "sx": 32}, "product": {"rz": 6660, "cx": 4272, "sx": 2512}}, "iter30": {"single": {"rz": 168, "sx": 64, "cx": 48}, "product": {"rz": 6828, "cx": 4320, "sx": 2576}}, "iter31": {"single": {"rz": 336, "cx": 256, "sx": 128}, "product": {"rz": 7164, "cx": 4576, "sx": 2704}}, "iter32": {"single": {"rz": 168, "sx": 64, "cx": 48}, "product": {"rz": 7332, "cx": 4624, "sx": 2768}}, "iter33": {"single": {"rz": 168, "sx": 64, "cx": 48}, "product": {"rz": 7500, "cx": 4672, "sx": 2832}}, "iter34": {"single": {"rz": 168, "sx": 64, "cx": 48}, "product": {"rz": 7668, "cx": 4720, "sx": 2896}}, "iter35": {"single": {"rz": 88, "cx": 64, "sx": 32}, "product": {"rz": 7756, "cx": 4784, "sx": 2928}}, "iter36": {"single": {"rz": 468, "cx": 304, "sx": 176}, "product": {"rz": 8224, "cx": 5088, "sx": 3104}}, "iter37": {"single": {"rz": 424, "cx": 264, "sx": 160}, "product": {"rz": 8648, "cx": 5352, "sx": 3264}}, "iter38": {"single": {"rz": 336, "sx": 128, "cx": 128}, "product": {"rz": 8984, "cx": 5480, "sx": 3392}}, "iter39": {"single": {"rz": 336, "cx": 320, "sx": 128}, "product": {"rz": 9320, "cx": 5800, "sx": 3520}}, "iter40": {"single": {"rz": 336, "cx": 192, "sx": 128}, "product": {"rz": 9656, "cx": 5992, "sx": 3648}}, "iter41": {"single": {"cx": 544, "rz": 468, "sx": 176}, "product": {"rz": 10124, "cx": 6536, "sx": 3824}}, "iter42": {"single": {"rz": 468, "cx": 208, "sx": 176}, "product": {"rz": 10592, "cx": 6744, "sx": 4000}}, "iter43": {"single": {"rz": 168, "sx": 64, "cx": 48}, "product": {"rz": 10760, "cx": 6792, "sx": 4064}}, "iter44": {"single": {"rz": 336, "cx": 192, "sx": 128}, "product": {"rz": 11096, "cx": 6984, "sx": 4192}}, "iter45": {"single": {"cx": 544, "rz": 468, "sx": 176}, "product": {"rz": 11564, "cx": 7528, "sx": 4368}}, "iter46": {"single": {"cx": 80, "rz": 44, "sx": 16}, "product": {"rz": 11608, "cx": 7608, "sx": 4384}}, "iter47": {"single": {"cx": 160, "rz": 88, "sx": 32}, "product": {"rz": 11696, "cx": 7768, "sx": 4416}}, "iter48": {"single": {"rz": 336, "cx": 192, "sx": 128}, "product": {"rz": 12032, "cx": 7960, "sx": 4544}}, "iter49": {"single": {"rz": 336, "cx": 320, "sx": 128}, "product": {"rz": 12368, "cx": 8280, "sx": 4672}}, "iter50": {"single": {"rz": 336, "cx": 320, "sx": 128}, "product": {"rz": 12704, "cx": 8600, "sx": 4800}}, "iter51": {"single": {"cx": 544, "rz": 468, "sx": 176}, "product": {"rz": 13172, "cx": 9144, "sx": 4976}}, "iter52": {"single": {"cx": 544, "rz": 468, "sx": 176}, "product": {"rz": 13640, "cx": 9688, "sx": 5152}}, "iter53": {"single": {"rz": 468, "cx": 304, "sx": 176}, "product": {"rz": 14108, "cx": 9992, "sx": 5328}}, "iter54": {"single": {"rz": 468, "cx": 192, "sx": 176}, "product": {"rz": 14576, "cx": 10184, "sx": 5504}}, "iter55": {"single": {"rz": 336, "sx": 128, "cx": 128}, "product": {"rz": 14912, "cx": 10312, "sx": 5632}}, "iter56": {"single": {"rz": 44, "sx": 16, "cx": 16}, "product": {"rz": 14956, "cx": 10328, "sx": 5648}}, "iter57": {"single": {"rz": 424, "cx": 168, "sx": 160}, "product": {"rz": 15380, "cx": 10496, "sx": 5808}}, "iter58": {"single": {"rz": 336, "sx": 128, "cx": 128}, "product": {"rz": 15716, "cx": 10624, "sx": 5936}}, "iter59": {"single": {"rz": 672, "cx": 576, "sx": 256}, "product": {"rz": 16388, "cx": 11200, "sx": 6192}}, "iter60": {"single": {"rz": 336, "cx": 320, "sx": 128}, "product": {"rz": 16724, "cx": 11520, "sx": 6320}}, "iter61": {"single": {"rz": 1008, "cx": 864, "sx": 384}, "product": {"rz": 17732, "cx": 12384, "sx": 6704}}, "iter62": {"single": {"rz": 336, "sx": 128, "cx": 128}, "product": {"rz": 18068, "cx": 12512, "sx": 6832}}, "iter63": {"single": {"rz": 336, "sx": 128, "cx": 128}, "product": {"rz": 18404, "cx": 12640, "sx": 6960}}, "iter64": {"single": {"cx": 472, "rz": 424, "sx": 160}, "product": {"rz": 18828, "cx": 13112, "sx": 7120}}, "iter65": {"single": {"rz": 468, "cx": 192, "sx": 176}, "product": {"rz": 19296, "cx": 13304, "sx": 7296}}, "iter66": {"single": {"rz": 424, "cx": 168, "sx": 160}, "product": {"rz": 19720, "cx": 13472, "sx": 7456}}, "iter67": {"single": {"cx": 472, "rz": 424, "sx": 160}, "product": {"rz": 20144, "cx": 13944, "sx": 7616}}, "iter68": {"single": {"rz": 468, "cx": 304, "sx": 176}, "product": {"rz": 20612, "cx": 14248, "sx": 7792}}, "iter69": {"single": {"rz": 336, "sx": 128, "cx": 128}, "product": {"rz": 20948, "cx": 14376, "sx": 7920}}, "iter70": {"single": {"cx": 472, "rz": 424, "sx": 160}, "product": {"rz": 21372, "cx": 14848, "sx": 8080}}, "iter71": {"single": {"rz": 1008, "cx": 864, "sx": 384}, "product": {"rz": 22380, "cx": 15712, "sx": 8464}}, "iter72": {"single": {"rz": 424, "cx": 184, "sx": 160}, "product": {"rz": 22804, "cx": 15896, "sx": 8624}}, "iter73": {"single": {"rz": 424, "cx": 168, "sx": 160}, "product": {"rz": 23228, "cx": 16064, "sx": 8784}}, "iter74": {"single": {"rz": 672, "cx": 576, "sx": 256}, "product": {"rz": 23900, "cx": 16640, "sx": 9040}}, "iter75": {"single": {"rz": 468, "cx": 192, "sx": 176}, "product": {"rz": 24368, "cx": 16832, "sx": 9216}}, "iter76": {"single": {"rz": 1008, "cx": 864, "sx": 384}, "product": {"rz": 25376, "cx": 17696, "sx": 9600}}, "iter77": {"single": {"rz": 88, "sx": 32, "cx": 32}, "product": {"rz": 25464, "cx": 17728, "sx": 9632}}, "iter78": {"single": {"rz": 88, "sx": 32, "cx": 32}, "product": {"rz": 25552, "cx": 17760, "sx": 9664}}, "iter79": {"single": {"rz": 336, "cx": 320, "sx": 128}, "product": {"rz": 25888, "cx": 18080, "sx": 9792}}}