{"iter0": {"single": {"rz": 53, "cx": 39, "sx": 36}, "product": {"rz": 60, "sx": 44, "cx": 37}}, "iter1": {"single": {"rz": 53, "cx": 39, "sx": 36}, "product": {"rz": 115, "sx": 86, "cx": 73}}, "iter2": {"single": {"rz": 53, "cx": 39, "sx": 36}, "product": {"rz": 163, "sx": 125, "cx": 110}}, "iter3": {"single": {"cx": 166, "rz": 134, "sx": 87}, "product": {"rz": 341, "cx": 267, "sx": 247}}, "iter4": {"single": {"rz": 112, "cx": 100, "sx": 83}, "product": {"rz": 457, "cx": 365, "sx": 333}}, "iter5": {"single": {"rz": 53, "cx": 39, "sx": 36}, "product": {"rz": 507, "cx": 402, "sx": 372}}, "iter6": {"single": {"rz": 53, "cx": 39, "sx": 36}, "product": {"rz": 555, "cx": 439, "sx": 411}}, "iter7": {"single": {"rz": 53, "cx": 39, "sx": 36}, "product": {"rz": 610, "cx": 476, "sx": 453}}, "iter8": {"single": {"rz": 53, "cx": 39, "sx": 36}, "product": {"rz": 660, "cx": 512, "sx": 492}}, "iter9": {"single": {"rz": 32, "sx": 22, "cx": 14}, "product": {"rz": 685, "cx": 525, "sx": 510}}, "iter10": {"single": {"cx": 390, "rz": 134, "sx": 87}, "product": {"cx": 907, "rz": 855, "sx": 628}}, "iter11": {"single": {"cx": 46, "rz": 32, "sx": 22}, "product": {"cx": 953, "rz": 879, "sx": 647}}, "iter12": {"single": {"cx": 54, "rz": 36, "sx": 22}, "product": {"cx": 1007, "rz": 915, "sx": 669}}, "iter13": {"single": {"cx": 338, "rz": 118, "sx": 78}, "product": {"cx": 1338, "rz": 1058, "sx": 771}}, "iter14": {"single": {"cx": 237, "rz": 101, "sx": 70}, "product": {"cx": 1571, "rz": 1164, "sx": 851}}, "iter15": {"single": {"cx": 502, "rz": 134, "sx": 87}, "product": {"cx": 2064, "rz": 1334, "sx": 971}}, "iter16": {"single": {"cx": 62, "rz": 32, "sx": 22}, "product": {"cx": 2126, "rz": 1358, "sx": 990}}, "iter17": {"single": {"cx": 342, "rz": 138, "sx": 98}, "product": {"cx": 2466, "rz": 1498, "sx": 1093}}, "iter18": {"single": {"cx": 32, "rz": 26, "sx": 12}, "product": {"cx": 2498, "rz": 1524, "sx": 1105}}, "iter19": {"single": {"cx": 146, "rz": 118, "sx": 78}, "product": {"cx": 2638, "rz": 1663, "sx": 1205}}, "iter20": {"single": {"rz": 31, "cx": 23, "sx": 17}, "product": {"cx": 2661, "rz": 1690, "sx": 1220}}, "iter21": {"single": {"rz": 53, "cx": 39, "sx": 36}, "product": {"cx": 2698, "rz": 1746, "sx": 1263}}, "iter22": {"single": {"rz": 53, "cx": 39, "sx": 36}, "product": {"cx": 2735, "rz": 1801, "sx": 1305}}, "iter23": {"single": {"cx": 128, "rz": 26, "sx": 12}, "product": {"cx": 2863, "rz": 1822, "sx": 1315}}, "iter24": {"single": {"cx": 434, "rz": 118, "sx": 78}, "product": {"cx": 3291, "rz": 1961, "sx": 1415}}, "iter25": {"single": {"cx": 70, "rz": 36, "sx": 22}, "product": {"cx": 3361, "rz": 1993, "sx": 1435}}, "iter26": {"single": {"rz": 112, "cx": 100, "sx": 83}, "product": {"cx": 3459, "rz": 2119, "sx": 1524}}, "iter27": {"single": {"cx": 152, "rz": 121, "sx": 90}, "product": {"cx": 3609, "rz": 2241, "sx": 1618}}, "iter28": {"single": {"rz": 32, "cx": 30, "sx": 22}, "product": {"cx": 3638, "rz": 2268, "sx": 1636}}, "iter29": {"single": {"cx": 64, "rz": 26, "sx": 12}, "product": {"cx": 3701, "rz": 2293, "sx": 1649}}, "iter30": {"single": {"rz": 53, "cx": 39, "sx": 36}, "product": {"cx": 3738, "rz": 2343, "sx": 1688}}, "iter31": {"single": {"cx": 237, "rz": 101, "sx": 70}, "product": {"cx": 3970, "rz": 2449, "sx": 1770}}, "iter32": {"single": {"rz": 53, "cx": 39, "sx": 36}, "product": {"cx": 4006, "rz": 2497, "sx": 1809}}, "iter33": {"single": {"rz": 53, "cx": 39, "sx": 36}, "product": {"cx": 4042, "rz": 2552, "sx": 1851}}, "iter34": {"single": {"rz": 53, "cx": 39, "sx": 36}, "product": {"cx": 4078, "rz": 2607, "sx": 1893}}, "iter35": {"single": {"cx": 38, "rz": 36, "sx": 22}, "product": {"cx": 4115, "rz": 2638, "sx": 1911}}, "iter36": {"single": {"cx": 219, "rz": 174, "sx": 126}, "product": {"cx": 4332, "rz": 2822, "sx": 2046}}, "iter37": {"single": {"cx": 181, "rz": 145, "sx": 106}, "product": {"cx": 4504, "rz": 2976, "sx": 2160}}, "iter38": {"single": {"rz": 120, "cx": 104, "sx": 89}, "product": {"cx": 4605, "rz": 3107, "sx": 2258}}, "iter39": {"single": {"cx": 264, "rz": 121, "sx": 90}, "product": {"cx": 4867, "rz": 3231, "sx": 2352}}, "iter40": {"single": {"cx": 154, "rz": 107, "sx": 80}, "product": {"cx": 5015, "rz": 3347, "sx": 2435}}, "iter41": {"single": {"cx": 442, "rz": 160, "sx": 114}, "product": {"cx": 5449, "rz": 3531, "sx": 2561}}, "iter42": {"single": {"cx": 172, "rz": 168, "sx": 119}, "product": {"cx": 5616, "rz": 3716, "sx": 2696}}, "iter43": {"single": {"rz": 53, "cx": 39, "sx": 36}, "product": {"cx": 5652, "rz": 3774, "sx": 2739}}, "iter44": {"single": {"cx": 154, "rz": 107, "sx": 80}, "product": {"cx": 5800, "rz": 3888, "sx": 2823}}, "iter45": {"single": {"cx": 478, "rz": 160, "sx": 114}, "product": {"cx": 6270, "rz": 4072, "sx": 2949}}, "iter46": {"single": {"cx": 78, "rz": 32, "sx": 22}, "product": {"cx": 6345, "rz": 4106, "sx": 2977}}, "iter47": {"single": {"cx": 86, "rz": 36, "sx": 22}, "product": {"cx": 6431, "rz": 4142, "sx": 2999}}, "iter48": {"single": {"cx": 154, "rz": 107, "sx": 80}, "product": {"cx": 6579, "rz": 4260, "sx": 3084}}, "iter49": {"single": {"cx": 280, "rz": 121, "sx": 90}, "product": {"cx": 6855, "rz": 4400, "sx": 3187}}, "iter50": {"single": {"cx": 248, "rz": 121, "sx": 90}, "product": {"cx": 7101, "rz": 4531, "sx": 3285}}, "iter51": {"single": {"cx": 406, "rz": 160, "sx": 114}, "product": {"cx": 7501, "rz": 4699, "sx": 3403}}, "iter52": {"single": {"cx": 508, "rz": 168, "sx": 119}, "product": {"cx": 8004, "rz": 4876, "sx": 3536}}, "iter53": {"single": {"cx": 219, "rz": 174, "sx": 126}, "product": {"cx": 8220, "rz": 5066, "sx": 3672}}, "iter54": {"single": {"rz": 172, "cx": 143, "sx": 125}, "product": {"cx": 8359, "rz": 5248, "sx": 3803}}, "iter55": {"single": {"cx": 109, "rz": 101, "sx": 70}, "product": {"cx": 8463, "rz": 5363, "sx": 3890}}, "iter56": {"single": {"rz": 32, "sx": 22, "cx": 14}, "product": {"cx": 8476, "rz": 5386, "sx": 3906}}, "iter57": {"single": {"rz": 143, "cx": 121, "sx": 105}, "product": {"cx": 8595, "rz": 5539, "sx": 4020}}, "iter58": {"single": {"rz": 112, "cx": 100, "sx": 83}, "product": {"cx": 8692, "rz": 5658, "sx": 4108}}, "iter59": {"single": {"cx": 519, "rz": 221, "sx": 164}, "product": {"cx": 9207, "rz": 5898, "sx": 4283}}, "iter60": {"single": {"cx": 301, "rz": 101, "sx": 70}, "product": {"cx": 9504, "rz": 6009, "sx": 4367}}, "iter61": {"single": {"cx": 793, "rz": 309, "sx": 226}, "product": {"cx": 10281, "rz": 6349, "sx": 4618}}, "iter62": {"single": {"rz": 112, "cx": 100, "sx": 83}, "product": {"cx": 10374, "rz": 6503, "sx": 4724}}, "iter63": {"single": {"rz": 112, "cx": 100, "sx": 83}, "product": {"cx": 10472, "rz": 6626, "sx": 4813}}, "iter64": {"single": {"cx": 335, "rz": 138, "sx": 97}, "product": {"cx": 10801, "rz": 6769, "sx": 4912}}, "iter65": {"single": {"rz": 172, "cx": 143, "sx": 125}, "product": {"cx": 10939, "rz": 6965, "sx": 5055}}, "iter66": {"single": {"rz": 143, "cx": 121, "sx": 105}, "product": {"cx": 11055, "rz": 7117, "sx": 5168}}, "iter67": {"single": {"cx": 438, "rz": 138, "sx": 98}, "product": {"cx": 11490, "rz": 7256, "sx": 5271}}, "iter68": {"single": {"cx": 219, "rz": 174, "sx": 126}, "product": {"cx": 11706, "rz": 7446, "sx": 5407}}, "iter69": {"single": {"rz": 112, "cx": 100, "sx": 83}, "product": {"cx": 11803, "rz": 7570, "sx": 5497}}, "iter70": {"single": {"cx": 407, "rz": 138, "sx": 97}, "product": {"cx": 12204, "rz": 7713, "sx": 5596}}, "iter71": {"single": {"cx": 784, "rz": 325, "sx": 244}, "product": {"cx": 12974, "rz": 8103, "sx": 5892}}, "iter72": {"single": {"cx": 150, "rz": 138, "sx": 98}, "product": {"cx": 13120, "rz": 8251, "sx": 5999}}, "iter73": {"single": {"rz": 143, "cx": 121, "sx": 105}, "product": {"cx": 13238, "rz": 8410, "sx": 6114}}, "iter74": {"single": {"cx": 522, "rz": 222, "sx": 166}, "product": {"cx": 13753, "rz": 8645, "sx": 6299}}, "iter75": {"single": {"rz": 172, "cx": 143, "sx": 125}, "product": {"cx": 13892, "rz": 8823, "sx": 6429}}, "iter76": {"single": {"cx": 784, "rz": 324, "sx": 243}, "product": {"cx": 14664, "rz": 9179, "sx": 6711}}, "iter77": {"single": {"rz": 31, "cx": 23, "sx": 17}, "product": {"cx": 14685, "rz": 9206, "sx": 6724}}, "iter78": {"single": {"cx": 32, "rz": 26, "sx": 12}, "product": {"cx": 14716, "rz": 9231, "sx": 6737}}, "iter79": {"single": {"cx": 296, "rz": 120, "sx": 89}, "product": {"cx": 15008, "rz": 9352, "sx": 6830}}}