{"iter0": {"single": {"cx": 263, "rz": 221, "sx": 164}, "product": {"cx": 259, "rz": 251, "sx": 180}}, "iter1": {"single": {"rz": 53, "cx": 39, "sx": 36}, "product": {"rz": 302, "cx": 296, "sx": 220}}, "iter2": {"single": {"rz": 53, "cx": 39, "sx": 36}, "product": {"rz": 354, "cx": 333, "sx": 260}}, "iter3": {"single": {"cx": 409, "rz": 309, "sx": 226}, "product": {"cx": 726, "rz": 695, "sx": 511}}, "iter4": {"single": {"rz": 53, "cx": 39, "sx": 36}, "product": {"rz": 779, "cx": 759, "sx": 567}}, "iter5": {"single": {"rz": 53, "cx": 39, "sx": 36}, "product": {"rz": 828, "cx": 796, "sx": 607}}, "iter6": {"single": {"cx": 278, "rz": 134, "sx": 87}, "product": {"cx": 1065, "rz": 998, "sx": 726}}, "iter7": {"single": {"cx": 172, "rz": 168, "sx": 119}, "product": {"cx": 1234, "rz": 1172, "sx": 851}}, "iter8": {"single": {"cx": 154, "rz": 107, "sx": 80}, "product": {"cx": 1378, "rz": 1279, "sx": 931}}, "iter9": {"single": {"cx": 173, "rz": 101, "sx": 70}, "product": {"cx": 1545, "rz": 1404, "sx": 1022}}, "iter10": {"single": {"cx": 266, "rz": 222, "sx": 166}, "product": {"cx": 1805, "rz": 1638, "sx": 1206}}}