{"iter0": {"single": {"rz": 672, "cx": 320, "sx": 256}, "product": {"rz": 672, "cx": 320, "sx": 256}}, "iter1": {"single": {"rz": 168, "sx": 64, "cx": 48}, "product": {"rz": 840, "cx": 368, "sx": 320}}, "iter2": {"single": {"rz": 168, "sx": 64, "cx": 48}, "product": {"rz": 1008, "cx": 416, "sx": 384}}, "iter3": {"single": {"rz": 1008, "cx": 480, "sx": 384}, "product": {"rz": 2016, "cx": 896, "sx": 768}}, "iter4": {"single": {"rz": 168, "sx": 64, "cx": 48}, "product": {"rz": 2184, "cx": 944, "sx": 832}}, "iter5": {"single": {"rz": 168, "sx": 64, "cx": 48}, "product": {"rz": 2352, "cx": 992, "sx": 896}}, "iter6": {"single": {"rz": 468, "cx": 304, "sx": 176}, "product": {"rz": 2820, "cx": 1296, "sx": 1072}}, "iter7": {"single": {"rz": 468, "cx": 208, "sx": 176}, "product": {"rz": 3288, "cx": 1504, "sx": 1248}}, "iter8": {"single": {"rz": 336, "cx": 192, "sx": 128}, "product": {"rz": 3624, "cx": 1696, "sx": 1376}}, "iter9": {"single": {"rz": 336, "cx": 192, "sx": 128}, "product": {"rz": 3960, "cx": 1888, "sx": 1504}}, "iter10": {"single": {"rz": 672, "cx": 320, "sx": 256}, "product": {"rz": 4632, "cx": 2208, "sx": 1760}}}