{"iter0": {"single": {"rz": 672, "cx": 576, "sx": 256}, "product": {"rz": 672, "cx": 576, "sx": 256}}, "iter1": {"single": {"rz": 672, "cx": 320, "sx": 256}, "product": {"rz": 1344, "cx": 896, "sx": 512}}, "iter2": {"single": {"rz": 168, "sx": 64, "cx": 48}, "product": {"rz": 1512, "cx": 944, "sx": 576}}, "iter3": {"single": {"rz": 168, "sx": 64, "cx": 48}, "product": {"rz": 1680, "cx": 992, "sx": 640}}, "iter4": {"single": {"rz": 672, "cx": 320, "sx": 256}, "product": {"rz": 2352, "cx": 1312, "sx": 896}}, "iter5": {"single": {"rz": 168, "sx": 64, "cx": 48}, "product": {"rz": 2520, "cx": 1360, "sx": 960}}, "iter6": {"single": {"rz": 1008, "cx": 480, "sx": 384}, "product": {"rz": 3528, "cx": 1840, "sx": 1344}}, "iter7": {"single": {"rz": 1008, "cx": 864, "sx": 384}, "product": {"rz": 4536, "cx": 2704, "sx": 1728}}, "iter8": {"single": {"rz": 1008, "cx": 480, "sx": 384}, "product": {"rz": 5544, "cx": 3184, "sx": 2112}}, "iter9": {"single": {"rz": 672, "cx": 320, "sx": 256}, "product": {"rz": 6216, "cx": 3504, "sx": 2368}}, "iter10": {"single": {"rz": 672, "cx": 320, "sx": 256}, "product": {"rz": 6888, "cx": 3824, "sx": 2624}}, "iter11": {"single": {"rz": 168, "sx": 64, "cx": 48}, "product": {"rz": 7056, "cx": 3872, "sx": 2688}}, "iter12": {"single": {"rz": 168, "sx": 64, "cx": 48}, "product": {"rz": 7224, "cx": 3920, "sx": 2752}}, "iter13": {"single": {"rz": 336, "cx": 192, "sx": 128}, "product": {"rz": 7560, "cx": 4112, "sx": 2880}}, "iter14": {"single": {"rz": 336, "cx": 192, "sx": 128}, "product": {"rz": 7896, "cx": 4304, "sx": 3008}}, "iter15": {"single": {"rz": 168, "sx": 64, "cx": 48}, "product": {"rz": 8064, "cx": 4352, "sx": 3072}}, "iter16": {"single": {"rz": 168, "sx": 64, "cx": 48}, "product": {"rz": 8232, "cx": 4400, "sx": 3136}}, "iter17": {"single": {"rz": 336, "cx": 192, "sx": 128}, "product": {"rz": 8568, "cx": 4592, "sx": 3264}}, "iter18": {"single": {"rz": 336, "cx": 192, "sx": 128}, "product": {"rz": 8904, "cx": 4784, "sx": 3392}}, "iter19": {"single": {"rz": 168, "sx": 64, "cx": 48}, "product": {"rz": 9072, "cx": 4832, "sx": 3456}}, "iter20": {"single": {"rz": 168, "sx": 64, "cx": 48}, "product": {"rz": 9240, "cx": 4880, "sx": 3520}}, "iter21": {"single": {"rz": 336, "cx": 192, "sx": 128}, "product": {"rz": 9576, "cx": 5072, "sx": 3648}}, "iter22": {"single": {"rz": 336, "cx": 192, "sx": 128}, "product": {"rz": 9912, "cx": 5264, "sx": 3776}}, "iter23": {"single": {"rz": 1008, "cx": 480, "sx": 384}, "product": {"rz": 10920, "cx": 5744, "sx": 4160}}, "iter24": {"single": {"rz": 1008, "cx": 480, "sx": 384}, "product": {"rz": 11928, "cx": 6224, "sx": 4544}}, "iter25": {"single": {"rz": 44, "cx": 32, "sx": 16}, "product": {"rz": 11972, "cx": 6256, "sx": 4560}}, "iter26": {"single": {"rz": 44, "cx": 32, "sx": 16}, "product": {"rz": 12016, "cx": 6288, "sx": 4576}}, "iter27": {"single": {"rz": 336, "cx": 192, "sx": 128}, "product": {"rz": 12352, "cx": 6480, "sx": 4704}}, "iter28": {"single": {"rz": 336, "cx": 192, "sx": 128}, "product": {"rz": 12688, "cx": 6672, "sx": 4832}}, "iter29": {"single": {"rz": 468, "cx": 432, "sx": 176}, "product": {"rz": 13156, "cx": 7104, "sx": 5008}}, "iter30": {"single": {"rz": 468, "cx": 432, "sx": 176}, "product": {"rz": 13624, "cx": 7536, "sx": 5184}}, "iter31": {"single": {"rz": 336, "cx": 320, "sx": 128}, "product": {"rz": 13960, "cx": 7856, "sx": 5312}}, "iter32": {"single": {"rz": 468, "cx": 432, "sx": 176}, "product": {"rz": 14428, "cx": 8288, "sx": 5488}}, "iter33": {"single": {"rz": 468, "cx": 432, "sx": 176}, "product": {"rz": 14896, "cx": 8720, "sx": 5664}}, "iter34": {"single": {"rz": 672, "cx": 576, "sx": 256}, "product": {"rz": 15568, "cx": 9296, "sx": 5920}}, "iter35": {"single": {"rz": 468, "cx": 432, "sx": 176}, "product": {"rz": 16036, "cx": 9728, "sx": 6096}}, "iter36": {"single": {"cx": 528, "rz": 468, "sx": 176}, "product": {"rz": 16504, "cx": 10256, "sx": 6272}}, "iter37": {"single": {"rz": 336, "sx": 128, "cx": 128}, "product": {"rz": 16840, "cx": 10384, "sx": 6400}}, "iter38": {"single": {"rz": 468, "cx": 304, "sx": 176}, "product": {"rz": 17308, "cx": 10688, "sx": 6576}}, "iter39": {"single": {"rz": 672, "cx": 576, "sx": 256}, "product": {"rz": 17980, "cx": 11264, "sx": 6832}}, "iter40": {"single": {"rz": 1008, "cx": 864, "sx": 384}, "product": {"rz": 18988, "cx": 12128, "sx": 7216}}, "iter41": {"single": {"rz": 672, "cx": 320, "sx": 256}, "product": {"rz": 19660, "cx": 12448, "sx": 7472}}, "iter42": {"single": {"rz": 336, "cx": 192, "sx": 128}, "product": {"rz": 19996, "cx": 12640, "sx": 7600}}, "iter43": {"single": {"rz": 468, "cx": 304, "sx": 176}, "product": {"rz": 20464, "cx": 12944, "sx": 7776}}, "iter44": {"single": {"rz": 1008, "cx": 864, "sx": 384}, "product": {"rz": 21472, "cx": 13808, "sx": 8160}}, "iter45": {"single": {"cx": 528, "rz": 468, "sx": 176}, "product": {"rz": 21940, "cx": 14336, "sx": 8336}}, "iter46": {"single": {"rz": 672, "cx": 576, "sx": 256}, "product": {"rz": 22612, "cx": 14912, "sx": 8592}}, "iter47": {"single": {"rz": 168, "sx": 64, "cx": 48}, "product": {"rz": 22780, "cx": 14960, "sx": 8656}}, "iter48": {"single": {"rz": 672, "cx": 320, "sx": 256}, "product": {"rz": 23452, "cx": 15280, "sx": 8912}}, "iter49": {"single": {"rz": 468, "cx": 432, "sx": 176}, "product": {"rz": 23920, "cx": 15712, "sx": 9088}}, "iter50": {"single": {"rz": 672, "cx": 576, "sx": 256}, "product": {"rz": 24592, "cx": 16288, "sx": 9344}}, "iter51": {"single": {"rz": 424, "cx": 264, "sx": 160}, "product": {"rz": 25016, "cx": 16552, "sx": 9504}}, "iter52": {"single": {"rz": 468, "cx": 208, "sx": 176}, "product": {"rz": 25484, "cx": 16760, "sx": 9680}}, "iter53": {"single": {"rz": 672, "cx": 320, "sx": 256}, "product": {"rz": 26156, "cx": 17080, "sx": 9936}}, "iter54": {"single": {"rz": 336, "cx": 256, "sx": 128}, "product": {"rz": 26492, "cx": 17336, "sx": 10064}}, "iter55": {"single": {"rz": 672, "cx": 320, "sx": 256}, "product": {"rz": 27164, "cx": 17656, "sx": 10320}}, "iter56": {"single": {"rz": 336, "cx": 256, "sx": 128}, "product": {"rz": 27500, "cx": 17912, "sx": 10448}}, "iter57": {"single": {"rz": 336, "cx": 192, "sx": 128}, "product": {"rz": 27836, "cx": 18104, "sx": 10576}}, "iter58": {"single": {"rz": 168, "sx": 64, "cx": 48}, "product": {"rz": 28004, "cx": 18152, "sx": 10640}}, "iter59": {"single": {"rz": 168, "sx": 64, "cx": 48}, "product": {"rz": 28172, "cx": 18200, "sx": 10704}}, "iter60": {"single": {"rz": 424, "cx": 376, "sx": 160}, "product": {"rz": 28596, "cx": 18576, "sx": 10864}}, "iter61": {"single": {"rz": 1008, "cx": 480, "sx": 384}, "product": {"rz": 29604, "cx": 19056, "sx": 11248}}, "iter62": {"single": {"rz": 1008, "cx": 864, "sx": 384}, "product": {"rz": 30612, "cx": 19920, "sx": 11632}}, "iter63": {"single": {"rz": 168, "sx": 64, "cx": 48}, "product": {"rz": 30780, "cx": 19968, "sx": 11696}}, "iter64": {"single": {"rz": 1008, "cx": 480, "sx": 384}, "product": {"rz": 31788, "cx": 20448, "sx": 12080}}, "iter65": {"single": {"rz": 424, "cx": 184, "sx": 160}, "product": {"rz": 32212, "cx": 20632, "sx": 12240}}, "iter66": {"single": {"rz": 424, "cx": 376, "sx": 160}, "product": {"rz": 32636, "cx": 21008, "sx": 12400}}, "iter67": {"single": {"rz": 168, "sx": 64, "cx": 48}, "product": {"rz": 32804, "cx": 21056, "sx": 12464}}, "iter68": {"single": {"rz": 1008, "cx": 480, "sx": 384}, "product": {"rz": 33812, "cx": 21536, "sx": 12848}}, "iter69": {"single": {"rz": 336, "cx": 192, "sx": 128}, "product": {"rz": 34148, "cx": 21728, "sx": 12976}}, "iter70": {"single": {"rz": 424, "cx": 376, "sx": 160}, "product": {"rz": 34572, "cx": 22104, "sx": 13136}}, "iter71": {"single": {"rz": 336, "cx": 192, "sx": 128}, "product": {"rz": 34908, "cx": 22296, "sx": 13264}}, "iter72": {"single": {"rz": 88, "cx": 64, "sx": 32}, "product": {"rz": 34996, "cx": 22360, "sx": 13296}}, "iter73": {"single": {"rz": 336, "sx": 128, "cx": 128}, "product": {"rz": 35332, "cx": 22488, "sx": 13424}}, "iter74": {"single": {"rz": 168, "sx": 64, "cx": 48}, "product": {"rz": 35500, "cx": 22536, "sx": 13488}}, "iter75": {"single": {"rz": 468, "cx": 208, "sx": 176}, "product": {"rz": 35968, "cx": 22744, "sx": 13664}}, "iter76": {"single": {"rz": 336, "cx": 192, "sx": 128}, "product": {"rz": 36304, "cx": 22936, "sx": 13792}}, "iter77": {"single": {"rz": 424, "cx": 376, "sx": 160}, "product": {"rz": 36728, "cx": 23312, "sx": 13952}}, "iter78": {"single": {"rz": 336, "cx": 192, "sx": 128}, "product": {"rz": 37064, "cx": 23504, "sx": 14080}}, "iter79": {"single": {"rz": 168, "sx": 64, "cx": 48}, "product": {"rz": 37232, "cx": 23552, "sx": 14144}}, "iter80": {"single": {"rz": 468, "cx": 432, "sx": 176}, "product": {"rz": 37700, "cx": 23984, "sx": 14320}}, "iter81": {"single": {"rz": 468, "cx": 208, "sx": 176}, "product": {"rz": 38168, "cx": 24192, "sx": 14496}}, "iter82": {"single": {"rz": 468, "cx": 432, "sx": 176}, "product": {"rz": 38636, "cx": 24624, "sx": 14672}}, "iter83": {"single": {"rz": 1008, "cx": 480, "sx": 384}, "product": {"rz": 39644, "cx": 25104, "sx": 15056}}, "iter84": {"single": {"rz": 336, "cx": 192, "sx": 128}, "product": {"rz": 39980, "cx": 25296, "sx": 15184}}, "iter85": {"single": {"rz": 168, "sx": 64, "cx": 48}, "product": {"rz": 40148, "cx": 25344, "sx": 15248}}, "iter86": {"single": {"rz": 672, "cx": 576, "sx": 256}, "product": {"rz": 40820, "cx": 25920, "sx": 15504}}, "iter87": {"single": {"rz": 424, "cx": 376, "sx": 160}, "product": {"rz": 41244, "cx": 26296, "sx": 15664}}}