{"iter0": {"single": {"cx": 499, "rz": 210, "sx": 159}, "product": {"cx": 487, "rz": 242, "sx": 175}}, "iter1": {"single": {"cx": 263, "rz": 221, "sx": 164}, "product": {"cx": 742, "rz": 520, "sx": 369}}, "iter2": {"single": {"rz": 53, "cx": 39, "sx": 36}, "product": {"cx": 779, "rz": 571, "sx": 409}}, "iter3": {"single": {"rz": 53, "cx": 39, "sx": 36}, "product": {"cx": 816, "rz": 623, "sx": 449}}, "iter4": {"single": {"cx": 263, "rz": 221, "sx": 164}, "product": {"cx": 1074, "rz": 866, "sx": 626}}, "iter5": {"single": {"rz": 53, "cx": 39, "sx": 36}, "product": {"cx": 1111, "rz": 918, "sx": 666}}, "iter6": {"single": {"cx": 409, "rz": 309, "sx": 226}, "product": {"cx": 1504, "rz": 1261, "sx": 918}}, "iter7": {"single": {"cx": 745, "rz": 313, "sx": 237}, "product": {"cx": 2228, "rz": 1654, "sx": 1198}}, "iter8": {"single": {"cx": 409, "rz": 309, "sx": 226}, "product": {"cx": 2617, "rz": 2037, "sx": 1470}}, "iter9": {"single": {"cx": 263, "rz": 221, "sx": 164}, "product": {"cx": 2871, "rz": 2308, "sx": 1662}}, "iter10": {"single": {"cx": 263, "rz": 221, "sx": 164}, "product": {"cx": 3129, "rz": 2555, "sx": 1839}}, "iter11": {"single": {"rz": 53, "cx": 39, "sx": 36}, "product": {"cx": 3166, "rz": 2604, "sx": 1879}}, "iter12": {"single": {"rz": 53, "cx": 39, "sx": 36}, "product": {"cx": 3203, "rz": 2658, "sx": 1919}}, "iter13": {"single": {"cx": 173, "rz": 101, "sx": 70}, "product": {"cx": 3371, "rz": 2764, "sx": 2001}}, "iter14": {"single": {"cx": 154, "rz": 107, "sx": 80}, "product": {"cx": 3519, "rz": 2876, "sx": 2084}}, "iter15": {"single": {"rz": 53, "cx": 39, "sx": 36}, "product": {"cx": 3554, "rz": 2947, "sx": 2134}}, "iter16": {"single": {"rz": 53, "cx": 39, "sx": 36}, "product": {"cx": 3591, "rz": 3004, "sx": 2176}}, "iter17": {"single": {"cx": 173, "rz": 101, "sx": 70}, "product": {"cx": 3759, "rz": 3110, "sx": 2258}}, "iter18": {"single": {"cx": 154, "rz": 107, "sx": 80}, "product": {"cx": 3907, "rz": 3229, "sx": 2344}}, "iter19": {"single": {"rz": 53, "cx": 39, "sx": 36}, "product": {"cx": 3942, "rz": 3293, "sx": 2392}}, "iter20": {"single": {"rz": 53, "cx": 39, "sx": 36}, "product": {"cx": 3979, "rz": 3348, "sx": 2433}}, "iter21": {"single": {"cx": 154, "rz": 107, "sx": 80}, "product": {"cx": 4127, "rz": 3462, "sx": 2517}}, "iter22": {"single": {"cx": 173, "rz": 101, "sx": 70}, "product": {"cx": 4294, "rz": 3582, "sx": 2607}}, "iter23": {"single": {"cx": 409, "rz": 309, "sx": 226}, "product": {"cx": 4687, "rz": 3937, "sx": 2863}}, "iter24": {"single": {"cx": 409, "rz": 309, "sx": 226}, "product": {"cx": 5076, "rz": 4306, "sx": 3131}}, "iter25": {"single": {"rz": 32, "cx": 30, "sx": 22}, "product": {"cx": 5097, "rz": 4360, "sx": 3163}}, "iter26": {"single": {"rz": 32, "cx": 30, "sx": 22}, "product": {"cx": 5127, "rz": 4384, "sx": 3181}}, "iter27": {"single": {"cx": 154, "rz": 107, "sx": 80}, "product": {"cx": 5275, "rz": 4502, "sx": 3266}}, "iter28": {"single": {"cx": 173, "rz": 101, "sx": 70}, "product": {"cx": 5442, "rz": 4627, "sx": 3357}}, "iter29": {"single": {"cx": 366, "rz": 160, "sx": 114}, "product": {"cx": 5800, "rz": 4791, "sx": 3473}}, "iter30": {"single": {"cx": 396, "rz": 168, "sx": 119}, "product": {"cx": 6192, "rz": 4966, "sx": 3606}}, "iter31": {"single": {"cx": 250, "rz": 107, "sx": 80}, "product": {"cx": 6434, "rz": 5077, "sx": 3687}}, "iter32": {"single": {"cx": 330, "rz": 160, "sx": 114}, "product": {"cx": 6756, "rz": 5261, "sx": 3814}}, "iter33": {"single": {"cx": 330, "rz": 160, "sx": 114}, "product": {"cx": 7078, "rz": 5445, "sx": 3942}}, "iter34": {"single": {"cx": 467, "rz": 210, "sx": 159}, "product": {"cx": 7527, "rz": 5683, "sx": 4118}}, "iter35": {"single": {"cx": 366, "rz": 160, "sx": 114}, "product": {"cx": 7873, "rz": 5891, "sx": 4262}}, "iter36": {"single": {"cx": 502, "rz": 134, "sx": 87}, "product": {"cx": 8366, "rz": 6064, "sx": 4383}}, "iter37": {"single": {"rz": 120, "cx": 104, "sx": 89}, "product": {"cx": 8468, "rz": 6198, "sx": 4482}}, "iter38": {"single": {"cx": 219, "rz": 174, "sx": 126}, "product": {"cx": 8685, "rz": 6378, "sx": 4614}}, "iter39": {"single": {"cx": 499, "rz": 210, "sx": 159}, "product": {"cx": 9172, "rz": 6616, "sx": 4787}}, "iter40": {"single": {"cx": 784, "rz": 324, "sx": 243}, "product": {"cx": 9941, "rz": 7005, "sx": 5084}}, "iter41": {"single": {"cx": 266, "rz": 222, "sx": 166}, "product": {"cx": 10201, "rz": 7245, "sx": 5271}}, "iter42": {"single": {"cx": 154, "rz": 107, "sx": 80}, "product": {"cx": 10349, "rz": 7357, "sx": 5355}}, "iter43": {"single": {"cx": 278, "rz": 134, "sx": 87}, "product": {"cx": 10617, "rz": 7543, "sx": 5480}}, "iter44": {"single": {"cx": 687, "rz": 326, "sx": 246}, "product": {"cx": 11294, "rz": 7928, "sx": 5770}}, "iter45": {"single": {"cx": 371, "rz": 174, "sx": 126}, "product": {"cx": 11650, "rz": 8112, "sx": 5902}}, "iter46": {"single": {"cx": 522, "rz": 222, "sx": 166}, "product": {"cx": 12165, "rz": 8355, "sx": 6091}}, "iter47": {"single": {"rz": 53, "cx": 39, "sx": 36}, "product": {"cx": 12202, "rz": 8408, "sx": 6132}}, "iter48": {"single": {"cx": 266, "rz": 222, "sx": 166}, "product": {"cx": 12462, "rz": 8642, "sx": 6314}}, "iter49": {"single": {"cx": 396, "rz": 168, "sx": 119}, "product": {"cx": 12854, "rz": 8805, "sx": 6435}}, "iter50": {"single": {"cx": 519, "rz": 221, "sx": 164}, "product": {"cx": 13365, "rz": 9047, "sx": 6610}}, "iter51": {"single": {"cx": 242, "rz": 118, "sx": 78}, "product": {"cx": 13601, "rz": 9187, "sx": 6711}}, "iter52": {"single": {"cx": 172, "rz": 168, "sx": 119}, "product": {"cx": 13771, "rz": 9354, "sx": 6835}}, "iter53": {"single": {"cx": 266, "rz": 223, "sx": 167}, "product": {"cx": 14031, "rz": 9607, "sx": 7027}}, "iter54": {"single": {"cx": 232, "rz": 120, "sx": 89}, "product": {"cx": 14260, "rz": 9735, "sx": 7123}}, "iter55": {"single": {"cx": 263, "rz": 221, "sx": 164}, "product": {"cx": 14519, "rz": 9982, "sx": 7300}}, "iter56": {"single": {"cx": 232, "rz": 120, "sx": 89}, "product": {"cx": 14749, "rz": 10110, "sx": 7396}}, "iter57": {"single": {"cx": 173, "rz": 101, "sx": 70}, "product": {"cx": 14918, "rz": 10215, "sx": 7478}}, "iter58": {"single": {"rz": 53, "cx": 39, "sx": 36}, "product": {"cx": 14954, "rz": 10263, "sx": 7517}}, "iter59": {"single": {"rz": 53, "cx": 39, "sx": 36}, "product": {"cx": 14991, "rz": 10320, "sx": 7559}}, "iter60": {"single": {"cx": 342, "rz": 138, "sx": 98}, "product": {"cx": 15331, "rz": 10454, "sx": 7659}}, "iter61": {"single": {"cx": 400, "rz": 325, "sx": 244}, "product": {"cx": 15721, "rz": 10847, "sx": 7950}}, "iter62": {"single": {"cx": 793, "rz": 309, "sx": 226}, "product": {"cx": 16497, "rz": 11192, "sx": 8205}}, "iter63": {"single": {"rz": 53, "cx": 39, "sx": 36}, "product": {"cx": 16530, "rz": 11281, "sx": 8264}}, "iter64": {"single": {"cx": 409, "rz": 309, "sx": 226}, "product": {"cx": 16923, "rz": 11624, "sx": 8517}}, "iter65": {"single": {"cx": 150, "rz": 138, "sx": 98}, "product": {"cx": 17067, "rz": 11790, "sx": 8635}}, "iter66": {"single": {"cx": 275, "rz": 138, "sx": 97}, "product": {"cx": 17335, "rz": 11943, "sx": 8738}}, "iter67": {"single": {"rz": 53, "cx": 39, "sx": 36}, "product": {"cx": 17369, "rz": 12009, "sx": 8789}}, "iter68": {"single": {"cx": 400, "rz": 325, "sx": 244}, "product": {"cx": 17759, "rz": 12394, "sx": 9079}}, "iter69": {"single": {"cx": 154, "rz": 107, "sx": 80}, "product": {"cx": 17906, "rz": 12514, "sx": 9166}}, "iter70": {"single": {"cx": 342, "rz": 138, "sx": 98}, "product": {"cx": 18244, "rz": 12668, "sx": 9275}}, "iter71": {"single": {"cx": 154, "rz": 107, "sx": 80}, "product": {"cx": 18388, "rz": 12779, "sx": 9356}}, "iter72": {"single": {"cx": 64, "rz": 26, "sx": 12}, "product": {"cx": 18448, "rz": 12817, "sx": 9375}}, "iter73": {"single": {"rz": 120, "cx": 104, "sx": 89}, "product": {"cx": 18550, "rz": 12947, "sx": 9472}}, "iter74": {"single": {"rz": 53, "cx": 39, "sx": 36}, "product": {"cx": 18587, "rz": 13003, "sx": 9513}}, "iter75": {"single": {"cx": 172, "rz": 168, "sx": 119}, "product": {"cx": 18757, "rz": 13169, "sx": 9635}}, "iter76": {"single": {"cx": 154, "rz": 107, "sx": 80}, "product": {"cx": 18901, "rz": 13276, "sx": 9715}}, "iter77": {"single": {"cx": 311, "rz": 138, "sx": 97}, "product": {"cx": 19204, "rz": 13435, "sx": 9823}}, "iter78": {"single": {"cx": 173, "rz": 101, "sx": 70}, "product": {"cx": 19370, "rz": 13554, "sx": 9915}}, "iter79": {"single": {"rz": 53, "cx": 39, "sx": 36}, "product": {"cx": 19406, "rz": 13605, "sx": 9955}}, "iter80": {"single": {"cx": 330, "rz": 160, "sx": 114}, "product": {"cx": 19729, "rz": 13772, "sx": 10072}}, "iter81": {"single": {"cx": 172, "rz": 168, "sx": 119}, "product": {"cx": 19896, "rz": 13957, "sx": 10207}}, "iter82": {"single": {"cx": 396, "rz": 168, "sx": 119}, "product": {"cx": 20290, "rz": 14124, "sx": 10332}}, "iter83": {"single": {"cx": 409, "rz": 309, "sx": 226}, "product": {"cx": 20681, "rz": 14473, "sx": 10584}}, "iter84": {"single": {"cx": 173, "rz": 101, "sx": 70}, "product": {"cx": 20846, "rz": 14613, "sx": 10683}}, "iter85": {"single": {"rz": 53, "cx": 39, "sx": 36}, "product": {"cx": 20883, "rz": 14659, "sx": 10720}}, "iter86": {"single": {"cx": 489, "rz": 222, "sx": 168}, "product": {"cx": 21366, "rz": 14897, "sx": 10906}}, "iter87": {"single": {"cx": 311, "rz": 138, "sx": 97}, "product": {"cx": 21670, "rz": 15049, "sx": 11009}}}