{"iter0": {"single": {"rz": 672, "cx": 576, "sx": 256}, "product": {"rz": 672, "cx": 576, "sx": 256}}, "iter1": {"single": {"rz": 672, "cx": 320, "sx": 256}, "product": {"rz": 1344, "cx": 896, "sx": 512}}, "iter2": {"single": {"rz": 168, "sx": 64, "cx": 48}, "product": {"rz": 1512, "cx": 944, "sx": 576}}, "iter3": {"single": {"rz": 168, "sx": 64, "cx": 48}, "product": {"rz": 1680, "cx": 992, "sx": 640}}, "iter4": {"single": {"rz": 672, "cx": 320, "sx": 256}, "product": {"rz": 2352, "cx": 1312, "sx": 896}}, "iter5": {"single": {"rz": 168, "sx": 64, "cx": 48}, "product": {"rz": 2520, "cx": 1360, "sx": 960}}, "iter6": {"single": {"rz": 1008, "cx": 480, "sx": 384}, "product": {"rz": 3528, "cx": 1840, "sx": 1344}}, "iter7": {"single": {"rz": 1008, "cx": 864, "sx": 384}, "product": {"rz": 4536, "cx": 2704, "sx": 1728}}, "iter8": {"single": {"rz": 672, "cx": 320, "sx": 256}, "product": {"rz": 5208, "cx": 3024, "sx": 1984}}, "iter9": {"single": {"rz": 672, "cx": 320, "sx": 256}, "product": {"rz": 5880, "cx": 3344, "sx": 2240}}, "iter10": {"single": {"rz": 168, "sx": 64, "cx": 48}, "product": {"rz": 6048, "cx": 3392, "sx": 2304}}, "iter11": {"single": {"rz": 168, "sx": 64, "cx": 48}, "product": {"rz": 6216, "cx": 3440, "sx": 2368}}, "iter12": {"single": {"rz": 168, "sx": 64, "cx": 48}, "product": {"rz": 6384, "cx": 3488, "sx": 2432}}, "iter13": {"single": {"rz": 168, "sx": 64, "cx": 48}, "product": {"rz": 6552, "cx": 3536, "sx": 2496}}, "iter14": {"single": {"rz": 168, "sx": 64, "cx": 48}, "product": {"rz": 6720, "cx": 3584, "sx": 2560}}, "iter15": {"single": {"rz": 1008, "cx": 480, "sx": 384}, "product": {"rz": 7728, "cx": 4064, "sx": 2944}}, "iter16": {"single": {"rz": 336, "cx": 192, "sx": 128}, "product": {"rz": 8064, "cx": 4256, "sx": 3072}}, "iter17": {"single": {"rz": 168, "sx": 64, "cx": 48}, "product": {"rz": 8232, "cx": 4304, "sx": 3136}}, "iter18": {"single": {"rz": 336, "cx": 192, "sx": 128}, "product": {"rz": 8568, "cx": 4496, "sx": 3264}}, "iter19": {"single": {"rz": 336, "cx": 192, "sx": 128}, "product": {"rz": 8904, "cx": 4688, "sx": 3392}}, "iter20": {"single": {"rz": 336, "cx": 192, "sx": 128}, "product": {"rz": 9240, "cx": 4880, "sx": 3520}}, "iter21": {"single": {"rz": 1008, "cx": 480, "sx": 384}, "product": {"rz": 10248, "cx": 5360, "sx": 3904}}, "iter22": {"single": {"rz": 1008, "cx": 480, "sx": 384}, "product": {"rz": 11256, "cx": 5840, "sx": 4288}}, "iter23": {"single": {"rz": 336, "cx": 192, "sx": 128}, "product": {"rz": 11592, "cx": 6032, "sx": 4416}}, "iter24": {"single": {"rz": 336, "cx": 192, "sx": 128}, "product": {"rz": 11928, "cx": 6224, "sx": 4544}}, "iter25": {"single": {"rz": 468, "cx": 304, "sx": 176}, "product": {"rz": 12396, "cx": 6528, "sx": 4720}}, "iter26": {"single": {"rz": 468, "cx": 208, "sx": 176}, "product": {"rz": 12864, "cx": 6736, "sx": 4896}}, "iter27": {"single": {"rz": 468, "cx": 432, "sx": 176}, "product": {"rz": 13332, "cx": 7168, "sx": 5072}}, "iter28": {"single": {"cx": 128, "rz": 88, "sx": 32}, "product": {"rz": 13420, "cx": 7296, "sx": 5104}}, "iter29": {"single": {"rz": 468, "cx": 432, "sx": 176}, "product": {"rz": 13888, "cx": 7728, "sx": 5280}}, "iter30": {"single": {"rz": 424, "cx": 376, "sx": 160}, "product": {"rz": 14312, "cx": 8104, "sx": 5440}}, "iter31": {"single": {"rz": 336, "cx": 192, "sx": 128}, "product": {"rz": 14648, "cx": 8296, "sx": 5568}}, "iter32": {"single": {"rz": 336, "cx": 192, "sx": 128}, "product": {"rz": 14984, "cx": 8488, "sx": 5696}}, "iter33": {"single": {"rz": 1008, "cx": 480, "sx": 384}, "product": {"rz": 15992, "cx": 8968, "sx": 6080}}, "iter34": {"single": {"rz": 336, "cx": 320, "sx": 128}, "product": {"rz": 16328, "cx": 9288, "sx": 6208}}, "iter35": {"single": {"rz": 468, "cx": 432, "sx": 176}, "product": {"rz": 16796, "cx": 9720, "sx": 6384}}, "iter36": {"single": {"rz": 468, "cx": 432, "sx": 176}, "product": {"rz": 17264, "cx": 10152, "sx": 6560}}, "iter37": {"single": {"rz": 424, "cx": 376, "sx": 160}, "product": {"rz": 17688, "cx": 10528, "sx": 6720}}, "iter38": {"single": {"rz": 672, "cx": 576, "sx": 256}, "product": {"rz": 18360, "cx": 11104, "sx": 6976}}, "iter39": {"single": {"rz": 672, "cx": 576, "sx": 256}, "product": {"rz": 19032, "cx": 11680, "sx": 7232}}, "iter40": {"single": {"rz": 336, "cx": 320, "sx": 128}, "product": {"rz": 19368, "cx": 12000, "sx": 7360}}, "iter41": {"single": {"rz": 1008, "cx": 864, "sx": 384}, "product": {"rz": 20376, "cx": 12864, "sx": 7744}}, "iter42": {"single": {"rz": 468, "cx": 304, "sx": 176}, "product": {"rz": 20844, "cx": 13168, "sx": 7920}}, "iter43": {"single": {"rz": 336, "cx": 192, "sx": 128}, "product": {"rz": 21180, "cx": 13360, "sx": 8048}}, "iter44": {"single": {"rz": 672, "cx": 320, "sx": 256}, "product": {"rz": 21852, "cx": 13680, "sx": 8304}}, "iter45": {"single": {"rz": 672, "cx": 576, "sx": 256}, "product": {"rz": 22524, "cx": 14256, "sx": 8560}}, "iter46": {"single": {"rz": 336, "cx": 192, "sx": 128}, "product": {"rz": 22860, "cx": 14448, "sx": 8688}}, "iter47": {"single": {"rz": 672, "cx": 576, "sx": 256}, "product": {"rz": 23532, "cx": 15024, "sx": 8944}}, "iter48": {"single": {"rz": 1008, "cx": 864, "sx": 384}, "product": {"rz": 24540, "cx": 15888, "sx": 9328}}, "iter49": {"single": {"rz": 168, "sx": 64, "cx": 48}, "product": {"rz": 24708, "cx": 15936, "sx": 9392}}, "iter50": {"single": {"rz": 1008, "cx": 480, "sx": 384}, "product": {"rz": 25716, "cx": 16416, "sx": 9776}}, "iter51": {"single": {"rz": 468, "cx": 432, "sx": 176}, "product": {"rz": 26184, "cx": 16848, "sx": 9952}}, "iter52": {"single": {"rz": 336, "cx": 192, "sx": 128}, "product": {"rz": 26520, "cx": 17040, "sx": 10080}}, "iter53": {"single": {"rz": 672, "cx": 320, "sx": 256}, "product": {"rz": 27192, "cx": 17360, "sx": 10336}}, "iter54": {"single": {"rz": 424, "cx": 376, "sx": 160}, "product": {"rz": 27616, "cx": 17736, "sx": 10496}}, "iter55": {"single": {"rz": 424, "cx": 376, "sx": 160}, "product": {"rz": 28040, "cx": 18112, "sx": 10656}}, "iter56": {"single": {"rz": 1008, "cx": 864, "sx": 384}, "product": {"rz": 29048, "cx": 18976, "sx": 11040}}, "iter57": {"single": {"rz": 1008, "cx": 480, "sx": 384}, "product": {"rz": 30056, "cx": 19456, "sx": 11424}}, "iter58": {"single": {"rz": 336, "cx": 192, "sx": 128}, "product": {"rz": 30392, "cx": 19648, "sx": 11552}}, "iter59": {"single": {"rz": 424, "cx": 376, "sx": 160}, "product": {"rz": 30816, "cx": 20024, "sx": 11712}}, "iter60": {"single": {"rz": 468, "cx": 208, "sx": 176}, "product": {"rz": 31284, "cx": 20232, "sx": 11888}}, "iter61": {"single": {"rz": 424, "cx": 376, "sx": 160}, "product": {"rz": 31708, "cx": 20608, "sx": 12048}}, "iter62": {"single": {"rz": 468, "cx": 208, "sx": 176}, "product": {"rz": 32176, "cx": 20816, "sx": 12224}}, "iter63": {"single": {"rz": 336, "cx": 192, "sx": 128}, "product": {"rz": 32512, "cx": 21008, "sx": 12352}}, "iter64": {"single": {"rz": 88, "cx": 64, "sx": 32}, "product": {"rz": 32600, "cx": 21072, "sx": 12384}}, "iter65": {"single": {"rz": 468, "cx": 304, "sx": 176}, "product": {"rz": 33068, "cx": 21376, "sx": 12560}}, "iter66": {"single": {"rz": 468, "cx": 208, "sx": 176}, "product": {"rz": 33536, "cx": 21584, "sx": 12736}}, "iter67": {"single": {"rz": 1008, "cx": 864, "sx": 384}, "product": {"rz": 34544, "cx": 22448, "sx": 13120}}, "iter68": {"single": {"rz": 336, "cx": 192, "sx": 128}, "product": {"rz": 34880, "cx": 22640, "sx": 13248}}, "iter69": {"single": {"rz": 336, "cx": 320, "sx": 128}, "product": {"rz": 35216, "cx": 22960, "sx": 13376}}}