{"iter0": {"single": {"cx": 499, "rz": 210, "sx": 159}, "product": {"cx": 487, "rz": 242, "sx": 175}}, "iter1": {"single": {"cx": 263, "rz": 221, "sx": 164}, "product": {"cx": 742, "rz": 520, "sx": 369}}, "iter2": {"single": {"rz": 53, "cx": 39, "sx": 36}, "product": {"cx": 779, "rz": 571, "sx": 409}}, "iter3": {"single": {"rz": 53, "cx": 39, "sx": 36}, "product": {"cx": 816, "rz": 623, "sx": 449}}, "iter4": {"single": {"cx": 263, "rz": 221, "sx": 164}, "product": {"cx": 1074, "rz": 866, "sx": 626}}, "iter5": {"single": {"rz": 53, "cx": 39, "sx": 36}, "product": {"cx": 1111, "rz": 918, "sx": 666}}, "iter6": {"single": {"cx": 409, "rz": 309, "sx": 226}, "product": {"cx": 1504, "rz": 1259, "sx": 917}}, "iter7": {"single": {"cx": 745, "rz": 313, "sx": 237}, "product": {"cx": 2229, "rz": 1653, "sx": 1196}}, "iter8": {"single": {"cx": 263, "rz": 221, "sx": 164}, "product": {"cx": 2483, "rz": 1936, "sx": 1391}}, "iter9": {"single": {"cx": 263, "rz": 221, "sx": 164}, "product": {"cx": 2742, "rz": 2176, "sx": 1567}}, "iter10": {"single": {"rz": 53, "cx": 39, "sx": 36}, "product": {"cx": 2779, "rz": 2230, "sx": 1607}}, "iter11": {"single": {"rz": 53, "cx": 39, "sx": 36}, "product": {"cx": 2816, "rz": 2279, "sx": 1647}}, "iter12": {"single": {"rz": 53, "cx": 39, "sx": 36}, "product": {"cx": 2852, "rz": 2329, "sx": 1686}}, "iter13": {"single": {"rz": 53, "cx": 39, "sx": 36}, "product": {"cx": 2889, "rz": 2383, "sx": 1727}}, "iter14": {"single": {"rz": 53, "cx": 39, "sx": 36}, "product": {"cx": 2925, "rz": 2433, "sx": 1767}}, "iter15": {"single": {"cx": 409, "rz": 309, "sx": 226}, "product": {"cx": 3318, "rz": 2774, "sx": 2018}}, "iter16": {"single": {"cx": 173, "rz": 101, "sx": 70}, "product": {"cx": 3483, "rz": 2911, "sx": 2117}}, "iter17": {"single": {"rz": 53, "cx": 39, "sx": 36}, "product": {"cx": 3519, "rz": 2959, "sx": 2156}}, "iter18": {"single": {"cx": 154, "rz": 107, "sx": 80}, "product": {"cx": 3666, "rz": 3079, "sx": 2243}}, "iter19": {"single": {"cx": 173, "rz": 101, "sx": 70}, "product": {"cx": 3833, "rz": 3203, "sx": 2333}}, "iter20": {"single": {"cx": 154, "rz": 107, "sx": 80}, "product": {"cx": 3981, "rz": 3315, "sx": 2416}}, "iter21": {"single": {"cx": 409, "rz": 309, "sx": 226}, "product": {"cx": 4372, "rz": 3671, "sx": 2677}}, "iter22": {"single": {"cx": 409, "rz": 309, "sx": 226}, "product": {"cx": 4761, "rz": 4046, "sx": 2944}}, "iter23": {"single": {"cx": 173, "rz": 101, "sx": 70}, "product": {"cx": 4926, "rz": 4183, "sx": 3043}}, "iter24": {"single": {"cx": 154, "rz": 107, "sx": 80}, "product": {"cx": 5073, "rz": 4298, "sx": 3127}}, "iter25": {"single": {"cx": 278, "rz": 134, "sx": 87}, "product": {"cx": 5341, "rz": 4489, "sx": 3254}}, "iter26": {"single": {"cx": 172, "rz": 168, "sx": 119}, "product": {"cx": 5510, "rz": 4663, "sx": 3379}}, "iter27": {"single": {"cx": 396, "rz": 168, "sx": 119}, "product": {"cx": 5904, "rz": 4830, "sx": 3502}}, "iter28": {"single": {"cx": 128, "rz": 26, "sx": 12}, "product": {"cx": 6032, "rz": 4852, "sx": 3513}}, "iter29": {"single": {"cx": 366, "rz": 160, "sx": 114}, "product": {"cx": 6391, "rz": 5030, "sx": 3635}}, "iter30": {"single": {"cx": 342, "rz": 138, "sx": 98}, "product": {"cx": 6729, "rz": 5179, "sx": 3748}}, "iter31": {"single": {"cx": 154, "rz": 107, "sx": 80}, "product": {"cx": 6873, "rz": 5297, "sx": 3832}}, "iter32": {"single": {"cx": 173, "rz": 101, "sx": 70}, "product": {"cx": 7038, "rz": 5422, "sx": 3923}}, "iter33": {"single": {"cx": 409, "rz": 309, "sx": 226}, "product": {"cx": 7431, "rz": 5765, "sx": 4175}}, "iter34": {"single": {"cx": 301, "rz": 101, "sx": 70}, "product": {"cx": 7723, "rz": 5904, "sx": 4273}}, "iter35": {"single": {"cx": 366, "rz": 160, "sx": 114}, "product": {"cx": 8083, "rz": 6072, "sx": 4392}}, "iter36": {"single": {"cx": 330, "rz": 160, "sx": 114}, "product": {"cx": 8404, "rz": 6255, "sx": 4520}}, "iter37": {"single": {"cx": 311, "rz": 138, "sx": 97}, "product": {"cx": 8707, "rz": 6413, "sx": 4632}}, "iter38": {"single": {"cx": 467, "rz": 210, "sx": 159}, "product": {"cx": 9158, "rz": 6654, "sx": 4810}}, "iter39": {"single": {"cx": 519, "rz": 221, "sx": 164}, "product": {"cx": 9668, "rz": 6934, "sx": 5005}}, "iter40": {"single": {"cx": 250, "rz": 107, "sx": 80}, "product": {"cx": 9911, "rz": 7051, "sx": 5090}}, "iter41": {"single": {"cx": 697, "rz": 313, "sx": 237}, "product": {"cx": 10590, "rz": 7433, "sx": 5361}}, "iter42": {"single": {"cx": 278, "rz": 134, "sx": 87}, "product": {"cx": 10856, "rz": 7639, "sx": 5497}}, "iter43": {"single": {"cx": 154, "rz": 107, "sx": 80}, "product": {"cx": 11004, "rz": 7749, "sx": 5579}}, "iter44": {"single": {"cx": 263, "rz": 221, "sx": 164}, "product": {"cx": 11261, "rz": 8007, "sx": 5764}}, "iter45": {"single": {"cx": 489, "rz": 222, "sx": 168}, "product": {"cx": 11744, "rz": 8244, "sx": 5951}}, "iter46": {"single": {"cx": 154, "rz": 107, "sx": 80}, "product": {"cx": 11892, "rz": 8360, "sx": 6036}}, "iter47": {"single": {"cx": 457, "rz": 222, "sx": 168}, "product": {"cx": 12340, "rz": 8613, "sx": 6231}}, "iter48": {"single": {"cx": 793, "rz": 309, "sx": 226}, "product": {"cx": 13116, "rz": 8962, "sx": 6487}}, "iter49": {"single": {"rz": 53, "cx": 39, "sx": 36}, "product": {"cx": 13149, "rz": 9048, "sx": 6546}}, "iter50": {"single": {"cx": 409, "rz": 309, "sx": 226}, "product": {"cx": 13541, "rz": 9391, "sx": 6799}}, "iter51": {"single": {"cx": 396, "rz": 168, "sx": 119}, "product": {"cx": 13931, "rz": 9588, "sx": 6940}}, "iter52": {"single": {"cx": 173, "rz": 101, "sx": 70}, "product": {"cx": 14100, "rz": 9703, "sx": 7025}}, "iter53": {"single": {"cx": 266, "rz": 222, "sx": 166}, "product": {"cx": 14358, "rz": 9932, "sx": 7206}}, "iter54": {"single": {"cx": 311, "rz": 138, "sx": 97}, "product": {"cx": 14663, "rz": 10079, "sx": 7307}}, "iter55": {"single": {"cx": 275, "rz": 138, "sx": 97}, "product": {"cx": 14918, "rz": 10240, "sx": 7423}}, "iter56": {"single": {"cx": 687, "rz": 324, "sx": 245}, "product": {"cx": 15585, "rz": 10588, "sx": 7700}}, "iter57": {"single": {"cx": 409, "rz": 309, "sx": 226}, "product": {"cx": 15976, "rz": 10946, "sx": 7960}}, "iter58": {"single": {"cx": 154, "rz": 107, "sx": 80}, "product": {"cx": 16119, "rz": 11089, "sx": 8059}}, "iter59": {"single": {"cx": 275, "rz": 138, "sx": 97}, "product": {"cx": 16386, "rz": 11250, "sx": 8168}}, "iter60": {"single": {"cx": 172, "rz": 168, "sx": 119}, "product": {"cx": 16554, "rz": 11425, "sx": 8301}}, "iter61": {"single": {"cx": 342, "rz": 138, "sx": 98}, "product": {"cx": 16894, "rz": 11568, "sx": 8404}}, "iter62": {"single": {"cx": 172, "rz": 168, "sx": 119}, "product": {"cx": 17064, "rz": 11735, "sx": 8529}}, "iter63": {"single": {"cx": 154, "rz": 107, "sx": 80}, "product": {"cx": 17208, "rz": 11846, "sx": 8610}}, "iter64": {"single": {"cx": 64, "rz": 26, "sx": 12}, "product": {"cx": 17268, "rz": 11881, "sx": 8627}}, "iter65": {"single": {"cx": 219, "rz": 174, "sx": 126}, "product": {"cx": 17485, "rz": 12061, "sx": 8760}}, "iter66": {"single": {"cx": 172, "rz": 168, "sx": 119}, "product": {"cx": 17655, "rz": 12234, "sx": 8884}}, "iter67": {"single": {"cx": 745, "rz": 313, "sx": 237}, "product": {"cx": 18380, "rz": 12590, "sx": 9144}}, "iter68": {"single": {"cx": 173, "rz": 101, "sx": 70}, "product": {"cx": 18545, "rz": 12732, "sx": 9243}}, "iter69": {"single": {"cx": 250, "rz": 107, "sx": 80}, "product": {"cx": 18789, "rz": 12848, "sx": 9327}}}