{"iter0": {"single": {"cx": 263, "rz": 221, "sx": 164}, "product": {"cx": 259, "rz": 251, "sx": 180}}, "iter1": {"single": {"rz": 53, "cx": 39, "sx": 36}, "product": {"rz": 300, "cx": 296, "sx": 220}}, "iter2": {"single": {"rz": 53, "cx": 39, "sx": 36}, "product": {"rz": 354, "cx": 333, "sx": 260}}, "iter3": {"single": {"rz": 32, "cx": 30, "sx": 22}, "product": {"rz": 377, "cx": 362, "sx": 277}}, "iter4": {"single": {"rz": 32, "cx": 30, "sx": 22}, "product": {"rz": 401, "cx": 392, "sx": 296}}, "iter5": {"single": {"cx": 409, "rz": 309, "sx": 226}, "product": {"cx": 785, "rz": 748, "sx": 547}}, "iter6": {"single": {"cx": 150, "rz": 138, "sx": 98}, "product": {"cx": 928, "rz": 917, "sx": 665}}, "iter7": {"single": {"cx": 219, "rz": 174, "sx": 126}, "product": {"cx": 1144, "rz": 1099, "sx": 799}}, "iter8": {"single": {"cx": 172, "rz": 168, "sx": 119}, "product": {"cx": 1314, "rz": 1266, "sx": 923}}, "iter9": {"single": {"rz": 53, "cx": 39, "sx": 36}, "product": {"cx": 1351, "rz": 1325, "sx": 966}}}