{"iter0": {"single": {"rz": 672, "cx": 320, "sx": 256}, "product": {"rz": 672, "cx": 320, "sx": 256}}, "iter1": {"single": {"rz": 168, "sx": 64, "cx": 48}, "product": {"rz": 840, "cx": 368, "sx": 320}}, "iter2": {"single": {"rz": 168, "sx": 64, "cx": 48}, "product": {"rz": 1008, "cx": 416, "sx": 384}}, "iter3": {"single": {"rz": 44, "cx": 32, "sx": 16}, "product": {"rz": 1052, "cx": 448, "sx": 400}}, "iter4": {"single": {"rz": 44, "cx": 32, "sx": 16}, "product": {"rz": 1096, "cx": 480, "sx": 416}}, "iter5": {"single": {"rz": 1008, "cx": 480, "sx": 384}, "product": {"rz": 2104, "cx": 960, "sx": 800}}, "iter6": {"single": {"rz": 424, "cx": 184, "sx": 160}, "product": {"rz": 2528, "cx": 1144, "sx": 960}}, "iter7": {"single": {"rz": 468, "cx": 304, "sx": 176}, "product": {"rz": 2996, "cx": 1448, "sx": 1136}}, "iter8": {"single": {"rz": 468, "cx": 208, "sx": 176}, "product": {"rz": 3464, "cx": 1656, "sx": 1312}}, "iter9": {"single": {"rz": 168, "sx": 64, "cx": 48}, "product": {"rz": 3632, "cx": 1704, "sx": 1376}}}