-1.9429934106486482,-1.7892815209587516,-1.263732649187107,-1.0665943558406015,-1.046606034752535,-0.6955956726336792,-0.4934387451131753,-0.3195056208145627,-0.24493839745268453,-0.03645055652451243,-0.03492588921605687,-0.016450066275098187,-0.015624745912679473,-0.010841098258536179,-0.0023875749435627695,-0.00021587754102476658,-3.456124061364765e-16,-1.09909005049389e-18,4.525757739838992e-18,5.495395775700435e-05,0.001089507690401763,0.005514643743078199,0.012231092833108432,0.021693161268347267,0.03135456348659638,0.043764131946870684,0.056725990721466016,0.12425900492509628,0.2831295720865082,0.37887886538098414
-0.1281137706220612,-0.03469195266547194,0.08313056252685942,0.0860890107959852,-0.2493649152255995,-0.028490746376685156,0.10457267510080691,-0.0009747154228778365,0.48813392095019487,-3802608.236395485,-2550075.245271755,-58383.0501461749,-2751150.9354914124,-1612519.0784127396,1419613.4530058133,1108008.780387132,8.954130369970531e-08,7.274692577666242e-08,3.9572085741102336e-07,544776.7476993825,887710.6054622855,2634908.7727926504,4317024.282548017,1381184.336311039,685619.5110969496,-5358664.9139064215,-934002.4323853222,-0.762318618006791,-0.15619857033108112,0.06906495129264026
-0.3255242557825588,-0.10852258064764059,1.272262007974956,-0.9723684795039451,-0.908514859633876,0.23828394858389812,-0.6006849841968074,0.2015532322029971,2.087431384337807,1300572.732960877,2786592.5603870014,134565.80793448357,-80249.7785017899,-925156.7961911005,-886510.0901664896,-92264.08714266388,2.179129653961907e-08,-1.551651625076733e-09,-1.0324889830755883e-08,-38444.828635687154,306042.97443530156,-62479.02969809108,-949324.8821652669,-1077275.934765545,548581.3465322339,-2965739.5722341593,6045265.689586555,3.6636152141518084,-0.30300498639066387,-0.1031999962661633
-0.09044275478712001,0.3470673792422863,-1.1342690426413842,0.7437120642394066,0.5851150174149395,-0.3899442785131334,0.5857108268965874,-0.46404641959163656,-2.276716676543393,1544131.179068172,2846709.107899155,955187.7607828432,-860761.326786741,-2153172.2384058656,1570787.7435105306,-904341.6949421165,-9.062223184729882e-09,1.9018059647467665e-08,2.974879504285545e-09,115182.51119091002,-2111039.980433516,-2503369.5106613883,-436069.0604248393,2492999.9434774346,4358126.957158802,-1199414.5758503233,1277995.2427351216,-2.278251168705559,-0.3908041397576529,0.1292384599296978
0.6747503012763446,-0.808704369446959,-0.540764973488431,0.09679564908443769,0.47389240768118845,0.11576121716706665,0.045182175312514804,0.05771439086692786,-1.7848788473578228,1586142.0954432902,493612.25397714396,2452426.97034371,105648.15642349004,-312802.3758803437,-1899203.219552696,-526713.3739439554,4.629213658543722e-08,3.7101593541761704e-09,-2.0087541404894352e-08,-62833.25460541114,103904.01481131943,-2229432.695833401,2365195.758775477,3542798.989895217,-1830118.328602752,-205024.28464446747,984206.4802919094,-1.4246736571591583,0.9345069358028902,-0.5299821787672162
-0.1044238830181666,-0.04531672399060666,-0.026579923515351767,0.1980128379260151,-0.1902421035102867,-0.0321434262304621,0.11650759105250982,0.012547678820761176,0.0663236652752482,-813572.9159054247,554136.613182882,238828.4193925029,954658.5848884352,543168.4933166864,3243813.5871137544,1866990.3554636226,7069942.271351382,58850.853355639694,229016.847618138,438960.72479065525,3997540.5153871253,-2222264.073303317,-743723.8367783052,328349.50976643024,-630371.6262164129,1628142.7206379902,24308.068466153793,0.46097534425906816,-0.22739791789076683,0.07605140808940206
-0.10442388212582127,-0.04531672516345413,-0.026579931047284348,0.19801283599938238,-0.19024210675249248,-0.0321434262763368,0.11650759595244047,0.012547685220246145,0.06632366193058817,-813572.9159054356,554136.6131828775,238828.41939250057,954658.5848884078,543168.4933166518,3243813.587113545,1866990.355463029,-7069942.271351045,-58850.853355541556,-229016.84761732625,438960.72479491093,3997540.515387681,-2222264.0733034485,-743723.8367783383,328349.5097664118,-630371.6262164111,1628142.7206380102,24308.068466159217,0.4609753558887405,-0.227397916962753,0.07605141144481524
0.18932369558677975,-0.3002334524931611,0.4793955909073655,-0.8646212054757854,-0.34199784129153904,0.02002014261328621,0.43033150450202035,0.19935259966240065,0.08728276196823025,1468991.8528758811,4043605.535750739,-1701500.44165995,1896611.2768935084,1217076.3106959157,1212292.731778617,18769.55901704028,-8.461297937452273e-08,-1.1633835784131537e-08,-6.501905611240872e-08,-35259.795807762224,-863823.2987067513,1624035.5704233258,-66849.40134659923,-2268641.417812271,594283.5956631124,-2383439.789777569,-2651289.0381857855,-1.2421344632581783,0.7996235722750569,0.22082487862376807
0.0721959418136382,0.38506716490299225,0.8788426627445634,-1.515508807747685,1.066923863785253,0.790148686533426,0.06008324223328604,-0.64190754974306,1.1813659090976327,-281180.19369489205,-217957.3377441788,-117676.36970371734,1669787.8638452576,-103368.92091886594,-767931.3185147339,237981.34827647128,-6.135193650207748e-09,-1.8608404687521125e-08,-5.48528351042497e-08,-123991.49108500323,836040.0026651463,545518.5993987971,-1801364.062851801,-1134006.4870756154,-2099981.3593157087,-2412744.702071446,637075.1264612855,1.0200414049915452,0.5513927130138047,-0.4253533331278574
-0.10851915503711888,-0.0470044936766824,-0.02234303713981639,0.19832548973945804,-0.19038204200482847,-0.033155790472764776,0.11198274285907175,0.01674879837940926,0.035314337215693783,-1120227.4690900461,-480280.7744256163,1038013.8013850357,-169364.22997346218,-379296.44903301616,-777699.107183206,811338.3025023465,-220057.69832145466,4144637.767605393,5728311.116234056,-5364535.930854796,-2279167.1675811745,124859.55377288107,-885385.6309681933,-610212.5550912401,-524356.794537286,1233325.7811760986,-345983.65544496465,0.3737373493571576,-0.209488660889317,0.08936967549615438
-0.1085191550362604,-0.04700449367940525,-0.022343037987196685,0.1983254901590076,-0.1903820422015427,-0.03315578872792363,0.11198274306787502,0.01674879777697513,0.03531432834545645,-1120227.4690900424,-480280.7744256175,1038013.8013850406,-169364.2299734602,-379296.44903301547,-777699.107183334,811338.3025023222,220057.69831826657,-4144637.7676071418,-5728311.11624164,-5364535.930845614,-2279167.1675808285,124859.55377286342,-885385.6309681825,-610212.5550912386,-524356.7945372863,1233325.7811760965,-345983.6554449642,0.3737373505541259,-0.209488660400792,0.0893696755675423
-0.13454023587746247,0.0878634613965713,-1.2751773301039881,1.638669480443926,1.1030013193300683,-0.24253690358180674,-0.7855232041741276,0.9931599666130924,-0.9836757095751472,-279714.22113880416,-1230411.0285863834,-1605087.5583474827,1350109.4676062113,1291228.634733133,575882.2249711986,-672214.5469642876,-6.703723150837792e-08,-2.7888271149567955e-08,-1.7870944534304383e-07,-202746.27049519675,-1079198.6599455168,-1934717.2984809699,1031101.991198632,-749361.1725378208,1693097.0448162507,-343154.60421956604,-334081.08485590084,-1.4386502125099376,-0.0743891969313436,0.21446631187032406
-0.11263015499691696,-0.041144005694839725,-0.03129376383531347,0.2241579901520191,-0.18504505782759573,-0.03661055077988634,0.10997360825933536,0.024705709416566267,0.06395705802068619,-1088586.7786269058,-557678.5032933119,839713.1742039667,-18758.44598180291,-169505.5804742918,-270998.8281971222,-5509446.883000206,86526.00096934865,5732234.312383606,-4144152.373978752,2066261.8737223549,-269238.42774022155,807814.4883494914,-990181.7651047382,-553850.587060533,-718599.5076814772,1257683.2930427624,-316985.1074222823,0.41535927181664634,-0.20817077973503045,0.09083775593189075
-0.11263015499728171,-0.04114400569418121,-0.03129376381977869,0.22415799069628625,-0.1850450576258072,-0.03661055035500695,0.10997360836353692,0.02470570968771803,0.0639570610337482,-1088586.7786269046,-557678.5032933098,839713.1742039678,-18758.44598180173,-169505.58047429,-270998.82819707325,-5509446.883000427,-86526.00096775206,-5732234.31238279,4144152.373981546,2066261.8737184526,-269238.4277404093,807814.4883495088,-990181.765104735,-553850.587060533,-718599.5076814755,1257683.2930427645,-316985.1074222853,0.41535927494244607,-0.2081707796931285,0.0908377559313988
-0.0676834437153031,-0.009473403321437592,-1.4059709133903717,0.8640099154933304,0.21336342372811667,0.0697540456614233,-0.04066317924661116,0.03300052904121317,1.6140879455476156,3390688.66010665,-1081716.721600275,-2233228.007098053,-1330942.3862933677,1076015.2334035356,-1231088.2454978544,557570.4417700759,2.2967130291541417e-09,-6.77834053012265e-09,1.0429043671690246e-08,-49055.82155072553,1209344.3610479508,2587970.211197882,1083405.6660390412,904896.6564941877,1757365.5729042294,2193967.3855361976,492412.5447255248,0.7779641723783662,-0.18471114750832562,0.03877693300424177
-0.0868657780444091,0.06370444813383494,1.7583289078525408,-1.3483872285715197,-0.18908624836762042,0.12133945073685208,-0.019262196428225024,0.0036797927215734957,-0.4555580266420829,3575478.0881260782,-1140669.2926857667,-2354936.8891089237,-1403477.5279546012,1134657.078601743,-1298181.4278957634,587957.5204268174,2.421881283608017e-09,-7.147754080612149e-09,1.0997417444181324e-08,-51729.318917816665,1275252.5216484475,2729012.218588611,1142450.2830503148,954212.6958986389,1853140.3878727301,2313536.5996124884,519248.5776413367,0.10984336095487617,-0.15805623605700145,0.071859210113552
-0.11621536762953992,-0.03581885654163959,-0.032294958180999374,0.239236498641588,-0.18101702214619933,-0.03834867850700479,0.11069861370179285,0.02448099505449657,0.09056694595426014,-682011.5836612527,-660075.8485880003,332585.0722931423,-384453.9962154582,277239.2424003753,-2361942.6195950666,4931542.185937602,1.2253716474650208e-06,8.171983387348533e-07,3.864116970127633e-06,5655400.3740280075,-4737529.237883759,-1093375.8598797068,-1282778.2527039624,-741623.0305039759,-974328.263309694,1055619.6892562015,-342891.3581530707,0.4479282849235047,-0.20455128659821104,0.08831968740662588
-0.03526526198174374,0.17737067848177984,9.243202275693356,-14.69813263386764,-2.508993423216266,0.30440695089254444,-0.42721193073092645,0.1479797893773128,6.563019053051647,-6.375211862879288e-07,2.24581503342749e-07,4.3976633792989344e-07,1.3835909568538034e-07,1.0407913621030014e-06,-5.657729583157292e-07,1.4057902284652217e-08,1.3661482227353034e-15,2.8225550153871634e-15,-4.299002869977993e-16,-3.191094641930976e-08,2.553438878119489e-07,-6.406728052051546e-09,4.080089449602072e-07,-2.3020325736759405e-07,-3.4694792885925534e-07,-1.789522014299109e-07,-3.580565193406121e-07,3.845346348514618,0.08468520916338272,-0.09875045738815894
-0.3258915592997705,0.18039653726856084,0.18655499505412743,-0.15664314050112166,-0.3408725887386959,-0.1513711380759182,-0.15303802431753907,-0.19623708579265878,0.7683918483233225,4201740.996617263,-1965789.4654209686,2671881.385341094,771749.9514414123,1077227.338894054,-2104278.851930803,-73133.85463754255,3.3500260299725916e-08,-2.6424298056234403e-08,-1.0136148785606198e-07,-247807.73708228435,1675592.6637195568,-1512801.8697504352,-1045755.1871771469,192605.17501366316,-987722.7884189875,-3234553.542433446,-4923710.702134162,-1.97856984294083,0.03562309273827998,-0.21060040985113193
0.2705489387325563,-0.36651230179820943,-0.1739567970158824,-0.48960942150508413,0.24861017015593476,-0.047513382657046674,-0.38454098469053183,-0.1710887202913676,-1.3214022298132255,-1755907.2805274413,-473512.54245086503,-3488672.4894977924,1511646.7678933379,-4270432.202388326,199229.31099872917,689923.4197412926,2.1708035161686813e-08,9.516013147988385e-09,9.676748516037881e-08,118509.35351585712,627023.5573988126,2252853.482203029,-3964570.568321191,874682.9568078909,1846700.0221856385,612944.5772508683,-1779947.5407244668,-2.4160450346089806,0.7754788089491117,-0.6733878225221251
-0.18228323319953263,0.21750644286432605,-0.2883458908729926,0.09675321458821966,0.2295989582835255,-0.1776395849378174,-0.19442179363768095,-0.3297668996461926,-1.6679649180939713,-2001151.0385129154,3938552.9419450792,85542.8604778369,3022373.5897714,3082287.6436864138,-281464.9924691921,271240.8552155409,-4.369730913733076e-08,1.796121899834094e-08,7.421095143268363e-08,138080.10567749836,-787802.5117475854,2522588.1306945244,4161023.3542703204,1144692.4005987032,-1893035.7385960168,1607976.6430200997,-290741.11419378273,0.037413285573607985,0.17989613371487737,-0.4369518379479616
0.03631482882607013,0.03960919344178428,0.33343512499411354,-1.0837264252407408,0.13431872685521817,-0.03264575189252188,-0.04298836359781202,-0.22732119401364517,-0.5485124198270205,820032.206646418,-929699.6286532428,-2532576.333368397,-4617149.489401922,-1991907.98006967,1576231.6711986738,-766010.769590147,-2.0419472508621636e-08,-1.9120009278623046e-08,-1.355456628320845e-07,-141581.66695179275,-800736.8667804801,-2799937.6655488405,2148262.8081979514,-3645814.3029234335,-3454704.233576277,1614139.0412254052,483361.46963479934,-0.5560359624394579,0.8641053436558563,-0.4315692736522559
0.05356294845211684,0.0714322422250817,0.20746450022614968,-0.7953059575560965,0.07738460854697723,-0.11369689119744635,0.1609499353724515,-0.09746631160503254,-1.3466711965044134,-1447852.4772435809,-4530694.799584447,2741749.2760155653,1327646.2393097568,2432032.0100030126,478798.0330445222,372811.5855698564,-6.763768322381981e-09,8.80412444104847e-09,6.440882072047417e-08,95817.69648588992,38823.54629548821,828175.9974273823,-985993.3923429922,1263395.760507449,1797354.2007702133,718465.8481804592,3388144.0037368783,0.6773456889980843,1.1466200679799385,-0.24232787506044343
-0.2570214329652873,0.31104371067499437,-0.1252592731418605,0.3813618056486622,-0.12711709366705964,0.06701044877509131,-0.024372835083480416,0.28462079967557463,0.5862471161851107,-937853.8426670464,1255901.381338899,-205141.04231572288,939879.4001074901,-4674361.041074575,-3659267.8753623855,181845.81130932516,1.6121258634272894e-07,3.3947645943285295e-08,1.7665745984058704e-07,125053.64464089824,1753435.9541447253,-836004.3807885248,1430288.3126023205,2805255.455737096,-950468.0232294314,1772328.4065217057,-857662.0152833911,0.05726337607654353,-0.40035513155682734,0.8139845288434567
-0.026663628085994078,-0.01892659657411988,-0.4969530293470488,1.0312192410737107,0.10456224249604026,0.21151026125610417,-0.24164120022613644,0.07300346568804342,0.7808246651628191,-218293.92511940285,1344631.4984527382,-831154.9868861743,-4143416.770314734,3536396.0533141913,2766388.1940650684,-453328.49645752937,-1.7532103569622363e-07,-5.2696252794846465e-08,-2.730748459511277e-07,-265470.4706563341,-1901960.353562872,538295.3754120745,-3183772.1108173756,4483086.118917535,-1584868.4887207188,-511687.69347978185,-1312616.8478680216,-0.3274080998891397,-0.12143439439218888,0.26787098315663666
0.04250481179140582,-0.10316558620817652,-0.3187041186341402,0.5829701536997169,-0.0824607391797285,0.24219574402331517,-0.13574566284057887,-0.013280046936484914,0.4597759840918788,2936704.014245555,-1884377.0788971637,2271072.284027186,3079001.2224499243,-2379651.5676782927,4796826.240708886,208336.69892452334,-4.804094450919262e-08,6.253710862545414e-08,2.527953721337149e-07,535632.1730243383,-2609708.645631293,1597013.7616996139,2266490.7971866783,-1613451.2233576255,476271.12141216756,1115908.2131847402,-133584.05088057884,0.05172231023267744,-0.4528555965233713,0.3116287619320878
0.17155113363315563,-0.17996709533624597,-0.5295686076655834,0.8711289106546571,0.23828467426583158,0.279512505028364,-0.10689363363294382,-0.24962699746492312,-0.6454534672750604,-2485676.6353240977,1510314.1892639264,2058932.6405843822,-2487520.374181872,1814416.1290155957,-2100262.7107631685,44429.995220943616,1.444203073784121e-07,3.098729415549439e-08,1.577369613122308e-07,128266.21793769863,1532531.6017797515,-1744120.7723536645,1035366.4376427336,-3766154.6066677193,5196674.970667823,1088119.9530793598,-1884948.0789089834,0.22475686877097256,0.05662676378307807,0.05097045227673582
0.0867689572996017,-0.14281273366468994,-1.4585782615835867,1.9732156369978824,-0.14322084887706674,-0.20085436774865773,0.42976970705477324,-0.1906705112122332,-1.2293176905802305,-768929.3030319404,-2206081.175934079,-5139221.608041698,2760854.133770252,2167793.861693901,-1651102.5393394595,-1027601.0715202943,-1.2251844532905193e-07,-9.45853026125991e-08,-4.849439959717613e-07,-704689.6197277411,-250009.1014182855,-2927686.2033748818,194561.73467005795,-121903.45980644367,-380937.2864718071,-2173600.9829278756,1414724.119617056,-1.895259008403347,-0.9267591993114038,0.5862985720176924
0.19003173001213094,-0.09512266677594831,-3.311088984173186,3.885433838746442,0.9867874265901818,-0.6769857416534446,0.344709072725785,0.2971665923191573,-4.257877637309134,447769.15249250736,956895.4984612631,1912852.8913057668,-1560521.0376243806,-46801.30077251292,-1007997.2829050618,1220178.2707571099,8.3067782739857e-08,2.4710843354509402e-08,2.1380349951836758e-07,197295.5753232174,2270447.138845995,3500442.265260496,-1870966.1395890368,-2648720.0704682195,-2428475.4479677957,-758667.9176883531,1776818.1173654927,-3.6584829748282184,-0.881570720449459,0.6349289762472219
-0.02635979075017514,0.13846034154972336,5.806932350932109,-9.928267775960725,-1.6067771492358245,0.17563457784497552,-0.10222134680337673,-0.004016328579587653,-0.5686198079122383,-4.557872903813753e-08,-6.097338439184321e-08,1.9495326921530466e-08,4.081210257486657e-09,5.042574167657471e-07,-2.564772218856408e-07,-6.426224961750241e-09,1.6205485886173841e-15,1.7376217866019125e-15,7.162129044746226e-16,-4.1896554081757775e-08,1.495279858692983e-07,-2.8326200342892578e-08,1.753421111654396e-07,-8.548874323463071e-08,-3.0073370935654023e-07,-3.529780981034432e-07,-4.2697864521259467e-07,2.106818006866376,0.13765190693579374,-0.02738921863130075
0.04062306868506237,-0.21344237592099263,-8.211537468189201,17.051944604337844,2.64925414822532,-0.37868825311420606,0.1134869894714304,-0.023054653559247906,3.0059232473503283,4.182087647205464e-07,-4.412017251766914e-08,-4.655348184253326e-07,-3.9080251551614464e-08,-1.2021147214393397e-06,4.319214348753085e-07,7.64457481647163e-09,2.8545612380995676e-15,5.673484259448946e-16,-9.002489859796236e-16,2.955686662472598e-08,-1.6467141957902748e-07,-7.635155477487863e-09,-4.50059830292409e-07,3.9974833125605885e-07,5.351606980601087e-07,-3.989274307835884e-07,-1.24027954124005e-06,3.5932378927562456,0.017260014523203658,-0.10594193326351646
