{"iter0": {"single": {"rz": 0, "cx": 0, "sx": 0}, "product": {"rz": 672, "cx": 320, "sx": 256}}, "iter1": {"single": {"rz": 44, "cx": 32, "sx": 16}, "product": {"rz": 716, "cx": 352, "sx": 272}}, "iter2": {"single": {"rz": 468, "cx": 304, "sx": 176}, "product": {"rz": 1184, "cx": 656, "sx": 448}}, "iter3": {"single": {"rz": 468, "cx": 208, "sx": 176}, "product": {"rz": 1652, "cx": 864, "sx": 624}}, "iter4": {"single": {"rz": 168, "sx": 64, "cx": 48}, "product": {"rz": 1820, "cx": 912, "sx": 688}}, "iter5": {"single": {"rz": 1008, "cx": 480, "sx": 384}, "product": {"rz": 2828, "cx": 1392, "sx": 1072}}, "iter6": {"single": {"rz": 468, "cx": 208, "sx": 176}, "product": {"rz": 3296, "cx": 1600, "sx": 1248}}, "iter7": {"single": {"rz": 168, "sx": 64, "cx": 48}, "product": {"rz": 3464, "cx": 1648, "sx": 1312}}, "iter8": {"single": {"rz": 88, "cx": 64, "sx": 32}, "product": {"rz": 3552, "cx": 1712, "sx": 1344}}, "iter9": {"single": {"rz": 88, "cx": 64, "sx": 32}, "product": {"rz": 3640, "cx": 1776, "sx": 1376}}, "iter10": {"single": {"rz": 88, "cx": 64, "sx": 32}, "product": {"rz": 3728, "cx": 1840, "sx": 1408}}, "iter11": {"single": {"rz": 336, "sx": 128, "cx": 128}, "product": {"rz": 4064, "cx": 1968, "sx": 1536}}, "iter12": {"single": {"rz": 168, "sx": 64, "cx": 48}, "product": {"rz": 4232, "cx": 2016, "sx": 1600}}, "iter13": {"single": {"rz": 336, "cx": 192, "sx": 128}, "product": {"rz": 4568, "cx": 2208, "sx": 1728}}, "iter14": {"single": {"rz": 672, "cx": 320, "sx": 256}, "product": {"rz": 5240, "cx": 2528, "sx": 1984}}, "iter15": {"single": {"rz": 168, "sx": 64, "cx": 48}, "product": {"rz": 5408, "cx": 2576, "sx": 2048}}, "iter16": {"single": {"rz": 88, "cx": 64, "sx": 32}, "product": {"rz": 5496, "cx": 2640, "sx": 2080}}, "iter17": {"single": {"rz": 168, "sx": 64, "cx": 48}, "product": {"rz": 5664, "cx": 2688, "sx": 2144}}, "iter18": {"single": {"rz": 44, "cx": 32, "sx": 16}, "product": {"rz": 5708, "cx": 2720, "sx": 2160}}, "iter19": {"single": {"rz": 336, "cx": 192, "sx": 128}, "product": {"rz": 6044, "cx": 2912, "sx": 2288}}, "iter20": {"single": {"rz": 1008, "cx": 480, "sx": 384}, "product": {"rz": 7052, "cx": 3392, "sx": 2672}}, "iter21": {"single": {"rz": 424, "cx": 184, "sx": 160}, "product": {"rz": 7476, "cx": 3576, "sx": 2832}}, "iter22": {"single": {"rz": 424, "cx": 264, "sx": 160}, "product": {"rz": 7900, "cx": 3840, "sx": 2992}}}