{"iter0": {"single": {"rz": 0, "cx": 0, "sx": 0}, "product": {"cx": 259, "rz": 251, "sx": 180}}, "iter1": {"single": {"rz": 32, "cx": 30, "sx": 22}, "product": {"cx": 289, "rz": 275, "sx": 200}}, "iter2": {"single": {"cx": 278, "rz": 134, "sx": 87}, "product": {"cx": 559, "rz": 449, "sx": 319}}, "iter3": {"single": {"cx": 172, "rz": 168, "sx": 119}, "product": {"cx": 728, "rz": 623, "sx": 444}}, "iter4": {"single": {"rz": 53, "cx": 39, "sx": 36}, "product": {"cx": 765, "rz": 676, "sx": 485}}, "iter5": {"single": {"cx": 409, "rz": 309, "sx": 226}, "product": {"cx": 1156, "rz": 1010, "sx": 732}}, "iter6": {"single": {"cx": 172, "rz": 168, "sx": 119}, "product": {"cx": 1322, "rz": 1207, "sx": 873}}, "iter7": {"single": {"rz": 53, "cx": 39, "sx": 36}, "product": {"cx": 1359, "rz": 1266, "sx": 916}}, "iter8": {"single": {"cx": 38, "rz": 36, "sx": 22}, "product": {"cx": 1396, "rz": 1297, "sx": 934}}, "iter9": {"single": {"cx": 38, "rz": 36, "sx": 22}, "product": {"cx": 1434, "rz": 1329, "sx": 955}}, "iter10": {"single": {"cx": 64, "rz": 26, "sx": 12}, "product": {"cx": 1497, "rz": 1354, "sx": 968}}, "iter11": {"single": {"rz": 120, "cx": 104, "sx": 89}, "product": {"cx": 1599, "rz": 1483, "sx": 1063}}, "iter12": {"single": {"rz": 53, "cx": 39, "sx": 36}, "product": {"cx": 1636, "rz": 1533, "sx": 1102}}, "iter13": {"single": {"cx": 154, "rz": 107, "sx": 80}, "product": {"cx": 1784, "rz": 1647, "sx": 1186}}, "iter14": {"single": {"cx": 266, "rz": 222, "sx": 166}, "product": {"cx": 2042, "rz": 1899, "sx": 1378}}, "iter15": {"single": {"rz": 53, "cx": 39, "sx": 36}, "product": {"cx": 2079, "rz": 1945, "sx": 1415}}, "iter16": {"single": {"cx": 64, "rz": 26, "sx": 12}, "product": {"cx": 2143, "rz": 1967, "sx": 1426}}, "iter17": {"single": {"rz": 53, "cx": 39, "sx": 36}, "product": {"cx": 2180, "rz": 2020, "sx": 1467}}, "iter18": {"single": {"rz": 32, "cx": 30, "sx": 22}, "product": {"cx": 2210, "rz": 2044, "sx": 1485}}, "iter19": {"single": {"cx": 173, "rz": 101, "sx": 70}, "product": {"cx": 2379, "rz": 2151, "sx": 1566}}, "iter20": {"single": {"cx": 400, "rz": 325, "sx": 244}, "product": {"cx": 2769, "rz": 2530, "sx": 1853}}, "iter21": {"single": {"cx": 150, "rz": 138, "sx": 98}, "product": {"cx": 2917, "rz": 2667, "sx": 1956}}, "iter22": {"single": {"cx": 242, "rz": 118, "sx": 78}, "product": {"cx": 3153, "rz": 2807, "sx": 2056}}}