{"iter0": {"single": {"cx": 263, "rz": 221, "sx": 164}, "product": {"cx": 259, "rz": 251, "sx": 180}}, "iter1": {"single": {"rz": 53, "cx": 39, "sx": 36}, "product": {"rz": 302, "cx": 296, "sx": 220}}, "iter2": {"single": {"rz": 53, "cx": 39, "sx": 36}, "product": {"rz": 350, "cx": 332, "sx": 259}}, "iter3": {"single": {"rz": 53, "cx": 39, "sx": 36}, "product": {"rz": 404, "cx": 369, "sx": 300}}, "iter4": {"single": {"rz": 53, "cx": 39, "sx": 36}, "product": {"rz": 454, "cx": 405, "sx": 340}}, "iter5": {"single": {"rz": 53, "cx": 39, "sx": 36}, "product": {"rz": 509, "cx": 441, "sx": 382}}, "iter6": {"single": {"rz": 53, "cx": 39, "sx": 36}, "product": {"rz": 564, "cx": 477, "sx": 424}}, "iter7": {"single": {"rz": 53, "cx": 39, "sx": 36}, "product": {"rz": 619, "cx": 514, "sx": 466}}, "iter8": {"single": {"rz": 53, "cx": 39, "sx": 36}, "product": {"rz": 669, "cx": 550, "sx": 506}}, "iter9": {"single": {"rz": 112, "cx": 100, "sx": 83}, "product": {"rz": 787, "cx": 648, "sx": 593}}, "iter10": {"single": {"rz": 112, "cx": 100, "sx": 83}, "product": {"rz": 905, "cx": 746, "sx": 680}}, "iter11": {"single": {"cx": 409, "rz": 309, "sx": 226}, "product": {"rz": 1244, "cx": 1139, "sx": 931}}, "iter12": {"single": {"rz": 53, "cx": 39, "sx": 36}, "product": {"rz": 1326, "cx": 1172, "sx": 987}}, "iter13": {"single": {"rz": 53, "cx": 39, "sx": 36}, "product": {"rz": 1376, "cx": 1208, "sx": 1027}}, "iter14": {"single": {"cx": 396, "rz": 168, "sx": 119}, "product": {"cx": 1597, "rz": 1543, "sx": 1148}}, "iter15": {"single": {"rz": 112, "cx": 100, "sx": 83}, "product": {"cx": 1695, "rz": 1663, "sx": 1235}}, "iter16": {"single": {"cx": 502, "rz": 134, "sx": 87}, "product": {"cx": 2189, "rz": 1833, "sx": 1353}}, "iter17": {"single": {"rz": 112, "cx": 100, "sx": 83}, "product": {"cx": 2287, "rz": 1956, "sx": 1442}}, "iter18": {"single": {"cx": 371, "rz": 210, "sx": 159}, "product": {"cx": 2646, "rz": 2189, "sx": 1612}}, "iter19": {"single": {"cx": 478, "rz": 160, "sx": 114}, "product": {"cx": 3103, "rz": 2397, "sx": 1752}}, "iter20": {"single": {"rz": 53, "cx": 39, "sx": 36}, "product": {"cx": 3140, "rz": 2457, "sx": 1796}}, "iter21": {"single": {"cx": 216, "rz": 121, "sx": 90}, "product": {"cx": 3354, "rz": 2588, "sx": 1895}}, "iter22": {"single": {"cx": 200, "rz": 121, "sx": 90}, "product": {"cx": 3552, "rz": 2719, "sx": 1993}}, "iter23": {"single": {"rz": 3, "sx": 2}, "product": {"cx": 3552, "rz": 2719, "sx": 1994}}, "iter24": {"single": {"cx": 301, "rz": 101, "sx": 70}, "product": {"cx": 3849, "rz": 2828, "sx": 2077}}, "iter25": {"single": {"cx": 264, "rz": 121, "sx": 90}, "product": {"cx": 4109, "rz": 2958, "sx": 2173}}, "iter26": {"single": {"cx": 248, "rz": 121, "sx": 90}, "product": {"cx": 4355, "rz": 3089, "sx": 2271}}, "iter27": {"single": {"cx": 553, "rz": 313, "sx": 237}, "product": {"cx": 4892, "rz": 3455, "sx": 2535}}, "iter28": {"single": {"rz": 53, "cx": 39, "sx": 36}, "product": {"cx": 4925, "rz": 3543, "sx": 2594}}, "iter29": {"single": {"cx": 250, "rz": 107, "sx": 80}, "product": {"cx": 5169, "rz": 3655, "sx": 2677}}, "iter30": {"single": {"cx": 647, "rz": 221, "sx": 164}, "product": {"cx": 5809, "rz": 3917, "sx": 2863}}, "iter31": {"single": {"cx": 409, "rz": 309, "sx": 226}, "product": {"cx": 6202, "rz": 4257, "sx": 3115}}, "iter32": {"single": {"cx": 298, "rz": 107, "sx": 80}, "product": {"cx": 6489, "rz": 4400, "sx": 3214}}, "iter33": {"single": {"cx": 976, "rz": 324, "sx": 243}, "product": {"cx": 7453, "rz": 4772, "sx": 3501}}, "iter34": {"single": {"rz": 112, "cx": 100, "sx": 83}, "product": {"cx": 7550, "rz": 4896, "sx": 3591}}, "iter35": {"single": {"cx": 508, "rz": 168, "sx": 119}, "product": {"cx": 8056, "rz": 5063, "sx": 3713}}, "iter36": {"single": {"cx": 371, "rz": 210, "sx": 159}, "product": {"cx": 8411, "rz": 5293, "sx": 3881}}, "iter37": {"single": {"cx": 128, "rz": 26, "sx": 12}, "product": {"cx": 8535, "rz": 5347, "sx": 3907}}, "iter38": {"single": {"rz": 53, "cx": 39, "sx": 36}, "product": {"cx": 8572, "rz": 5399, "sx": 3947}}, "iter39": {"single": {"cx": 301, "rz": 101, "sx": 70}, "product": {"cx": 8868, "rz": 5506, "sx": 4030}}, "iter40": {"single": {"cx": 447, "rz": 174, "sx": 126}, "product": {"cx": 9312, "rz": 5693, "sx": 4164}}}