{"iter0": {"single": {"rz": 672, "cx": 320, "sx": 256}, "product": {"rz": 672, "cx": 320, "sx": 256}}, "iter1": {"single": {"rz": 168, "sx": 64, "cx": 48}, "product": {"rz": 840, "cx": 368, "sx": 320}}, "iter2": {"single": {"rz": 168, "sx": 64, "cx": 48}, "product": {"rz": 1008, "cx": 416, "sx": 384}}, "iter3": {"single": {"rz": 168, "sx": 64, "cx": 48}, "product": {"rz": 1176, "cx": 464, "sx": 448}}, "iter4": {"single": {"rz": 168, "sx": 64, "cx": 48}, "product": {"rz": 1344, "sx": 512, "cx": 512}}, "iter5": {"single": {"rz": 168, "sx": 64, "cx": 48}, "product": {"rz": 1512, "sx": 576, "cx": 560}}, "iter6": {"single": {"rz": 168, "sx": 64, "cx": 48}, "product": {"rz": 1680, "sx": 640, "cx": 608}}, "iter7": {"single": {"rz": 168, "sx": 64, "cx": 48}, "product": {"rz": 1848, "sx": 704, "cx": 656}}, "iter8": {"single": {"rz": 168, "sx": 64, "cx": 48}, "product": {"rz": 2016, "sx": 768, "cx": 704}}, "iter9": {"single": {"rz": 336, "sx": 128, "cx": 128}, "product": {"rz": 2352, "sx": 896, "cx": 832}}, "iter10": {"single": {"rz": 336, "sx": 128, "cx": 128}, "product": {"rz": 2688, "sx": 1024, "cx": 960}}, "iter11": {"single": {"rz": 1008, "cx": 480, "sx": 384}, "product": {"rz": 3696, "cx": 1440, "sx": 1408}}, "iter12": {"single": {"rz": 168, "sx": 64, "cx": 48}, "product": {"rz": 3864, "cx": 1488, "sx": 1472}}, "iter13": {"single": {"rz": 168, "sx": 64, "cx": 48}, "product": {"rz": 4032, "sx": 1536, "cx": 1536}}, "iter14": {"single": {"rz": 468, "cx": 432, "sx": 176}, "product": {"rz": 4500, "cx": 1968, "sx": 1712}}, "iter15": {"single": {"rz": 336, "sx": 128, "cx": 128}, "product": {"rz": 4836, "cx": 2096, "sx": 1840}}, "iter16": {"single": {"cx": 528, "rz": 468, "sx": 176}, "product": {"rz": 5304, "cx": 2624, "sx": 2016}}, "iter17": {"single": {"rz": 336, "sx": 128, "cx": 128}, "product": {"rz": 5640, "cx": 2752, "sx": 2144}}, "iter18": {"single": {"rz": 672, "cx": 448, "sx": 256}, "product": {"rz": 6312, "cx": 3200, "sx": 2400}}, "iter19": {"single": {"cx": 544, "rz": 468, "sx": 176}, "product": {"rz": 6780, "cx": 3744, "sx": 2576}}, "iter20": {"single": {"rz": 168, "sx": 64, "cx": 48}, "product": {"rz": 6948, "cx": 3792, "sx": 2640}}, "iter21": {"single": {"rz": 336, "cx": 256, "sx": 128}, "product": {"rz": 7284, "cx": 4048, "sx": 2768}}, "iter22": {"single": {"rz": 336, "cx": 256, "sx": 128}, "product": {"rz": 7620, "cx": 4304, "sx": 2896}}, "iter23": {"single": {"rz": 168, "sx": 64, "cx": 48}, "product": {"rz": 7788, "cx": 4352, "sx": 2960}}, "iter24": {"single": {"rz": 336, "cx": 320, "sx": 128}, "product": {"rz": 8124, "cx": 4672, "sx": 3088}}, "iter25": {"single": {"rz": 336, "cx": 320, "sx": 128}, "product": {"rz": 8460, "cx": 4992, "sx": 3216}}, "iter26": {"single": {"rz": 336, "cx": 320, "sx": 128}, "product": {"rz": 8796, "cx": 5312, "sx": 3344}}, "iter27": {"single": {"rz": 1008, "cx": 672, "sx": 384}, "product": {"rz": 9804, "cx": 5984, "sx": 3728}}, "iter28": {"single": {"rz": 168, "sx": 64, "cx": 48}, "product": {"rz": 9972, "cx": 6032, "sx": 3792}}, "iter29": {"single": {"rz": 336, "cx": 320, "sx": 128}, "product": {"rz": 10308, "cx": 6352, "sx": 3920}}, "iter30": {"single": {"cx": 704, "rz": 672, "sx": 256}, "product": {"rz": 10980, "cx": 7056, "sx": 4176}}, "iter31": {"single": {"rz": 1008, "cx": 480, "sx": 384}, "product": {"rz": 11988, "cx": 7536, "sx": 4560}}, "iter32": {"single": {"cx": 384, "rz": 336, "sx": 128}, "product": {"rz": 12324, "cx": 7920, "sx": 4688}}, "iter33": {"single": {"cx": 1056, "rz": 1008, "sx": 384}, "product": {"rz": 13332, "cx": 8976, "sx": 5072}}, "iter34": {"single": {"rz": 336, "sx": 128, "cx": 128}, "product": {"rz": 13668, "cx": 9104, "sx": 5200}}, "iter35": {"single": {"cx": 544, "rz": 468, "sx": 176}, "product": {"rz": 14136, "cx": 9648, "sx": 5376}}, "iter36": {"single": {"rz": 672, "cx": 448, "sx": 256}, "product": {"rz": 14808, "cx": 10096, "sx": 5632}}, "iter37": {"single": {"cx": 128, "rz": 88, "sx": 32}, "product": {"rz": 14896, "cx": 10224, "sx": 5664}}, "iter38": {"single": {"rz": 168, "sx": 64, "cx": 48}, "product": {"rz": 15064, "cx": 10272, "sx": 5728}}, "iter39": {"single": {"rz": 336, "cx": 320, "sx": 128}, "product": {"rz": 15400, "cx": 10592, "sx": 5856}}, "iter40": {"single": {"cx": 640, "rz": 468, "sx": 176}, "product": {"rz": 15868, "cx": 11232, "sx": 6032}}}